date,latent_0,latent_1,latent_2,latent_3,latent_4,latent_5,latent_6,latent_7,latent_8,latent_9,latent_10,latent_11,latent_12,latent_13,latent_14,latent_15,latent_16,latent_17,latent_18,latent_19,latent_20,latent_21,latent_22,latent_23,latent_24,latent_25,latent_26,latent_27,latent_28,latent_29,latent_30,latent_31
2026-01-01,-0.5350918,0.007841051,0.074088335,0.11133923,-0.20901309,0.16745192,0.31682822,-0.037817493,-0.79189336,0.51857257,0.22521755,-0.4309657,-0.3001007,0.6062506,0.21349414,0.08014812,0.20998035,-0.24063452,-0.26003474,-0.22963159,-0.2605413,-0.24963735,0.020580301,-0.50162446,0.23906139,0.3716277,-0.026565667,0.15087672,-0.093887836,-0.09265381,0.2050048,0.63643765
2026-01-02,-0.5895861,-0.036234707,0.0028682072,0.054639418,-0.18014054,0.13019025,0.31718177,-0.06476026,-0.83132744,0.47904223,0.22361967,-0.44849846,-0.33956352,0.5014505,0.24442615,0.0627937,0.21339011,-0.26079857,-0.20395215,-0.20000598,-0.24059838,-0.28944698,0.04183575,-0.5439924,0.15289062,0.3479964,-0.04573681,0.12672728,-0.09647019,-0.109975174,0.17320529,0.6385576
2026-01-05,-0.5849741,-0.022522032,-0.0044331755,0.06371917,-0.1864359,0.14632407,0.31643668,-0.070429415,-0.8383953,0.47890586,0.23691118,-0.45071527,-0.3227885,0.51825523,0.2566353,0.06473896,0.21718468,-0.26319683,-0.20064469,-0.19844759,-0.2369347,-0.27317783,0.04079143,-0.54246986,0.16713688,0.35016012,-0.027751397,0.13164708,-0.109757915,-0.12331392,0.1590521,0.6305997
2026-01-06,-0.58575416,-0.028027996,-0.0016091987,0.06045506,-0.18486266,0.14052032,0.3178646,-0.06732848,-0.8328419,0.47716004,0.23136896,-0.44951135,-0.32908216,0.50939983,0.2513104,0.06501285,0.21437138,-0.26061144,-0.20307638,-0.20026265,-0.2375112,-0.27761412,0.041650183,-0.54039496,0.16223747,0.34939545,-0.03498714,0.12968352,-0.1035507,-0.11920744,0.16502742,0.6327613
2026-01-07,-0.5885589,-0.029196061,-0.004277507,0.05843881,-0.18474303,0.13977,0.31748694,-0.066754445,-0.8376582,0.47771582,0.23130727,-0.44904062,-0.32940793,0.5094504,0.2529923,0.06290509,0.2164647,-0.26460233,-0.20005651,-0.19615816,-0.23667535,-0.27832055,0.04190383,-0.5408314,0.16142157,0.35031992,-0.03179309,0.12962064,-0.10466647,-0.120134585,0.16284434,0.63235825
2026-01-08,-0.59702265,-0.03866476,-0.0027561802,0.048967723,-0.1862014,0.12889066,0.31524193,-0.062522456,-0.8456331,0.48126757,0.22104022,-0.4452335,-0.33937922,0.5032504,0.24924816,0.058573335,0.21967274,-0.2740409,-0.19750632,-0.18680571,-0.23712422,-0.28896788,0.042435348,-0.54234767,0.15502647,0.35253727,-0.033771705,0.12790164,-0.102228746,-0.11511919,0.16900232,0.6363439
2026-01-09,-0.596637,-0.04780169,0.00089370273,0.043849856,-0.17935939,0.11915582,0.31755754,-0.056794986,-0.84153926,0.48180652,0.21416652,-0.44295517,-0.3483953,0.49324235,0.23991118,0.059784673,0.21993154,-0.27271214,-0.19515471,-0.18814492,-0.23838224,-0.2974764,0.04299648,-0.54131347,0.14417279,0.35300872,-0.04203074,0.124617115,-0.09438075,-0.1079203,0.17562075,0.6373985
2026-01-12,-0.6007137,-0.05127775,-0.0021973401,0.040983632,-0.17990947,0.11672079,0.31675953,-0.05711928,-0.84664655,0.48281324,0.21241328,-0.4413194,-0.35144058,0.49198946,0.24200661,0.05769538,0.2216885,-0.27684116,-0.19269694,-0.18352354,-0.23579149,-0.2992824,0.04374852,-0.5428622,0.14233127,0.35342634,-0.04097492,0.123767,-0.09604457,-0.108594134,0.1744145,0.6380568
2026-01-13,-0.60404915,-0.057597175,0.00185946,0.036717124,-0.17864451,0.111066505,0.31776983,-0.052886024,-0.84513,0.48426396,0.20457777,-0.4379363,-0.35711947,0.48626044,0.23525389,0.05546356,0.22117099,-0.27807826,-0.19451873,-0.18291199,-0.23744561,-0.30571508,0.04342255,-0.5414258,0.13860744,0.35506263,-0.045672033,0.12188409,-0.09165089,-0.10312978,0.18127465,0.6411974
2026-01-14,-0.6032353,-0.057910472,-0.00014699064,0.034495343,-0.17915277,0.11085342,0.3165816,-0.052710295,-0.8480746,0.4823075,0.20734456,-0.43738288,-0.35699257,0.48726103,0.23929445,0.05484254,0.22234052,-0.28097004,-0.19302298,-0.17834936,-0.2349462,-0.30262348,0.042476445,-0.54092246,0.14016646,0.3541945,-0.04218107,0.12225753,-0.0919404,-0.10482213,0.17723216,0.63948673
2026-01-15,-0.6032125,-0.046974227,-0.0067004133,0.039845057,-0.18530302,0.122791976,0.31535375,-0.060701758,-0.85325944,0.47990125,0.21699694,-0.44137946,-0.34554774,0.49649742,0.25003254,0.054218546,0.22315195,-0.28242972,-0.19155805,-0.17677027,-0.23318256,-0.29257673,0.04361715,-0.5409632,0.14926702,0.35395107,-0.031101283,0.12617885,-0.10173342,-0.113908574,0.16660322,0.6348849
2026-01-16,-0.60571647,-0.056005538,-0.00050857663,0.036225922,-0.1813651,0.11282532,0.31652743,-0.05398096,-0.8524309,0.48612654,0.20731264,-0.4382441,-0.355325,0.49136406,0.23876967,0.054650016,0.22384192,-0.28312638,-0.19185646,-0.17867978,-0.23632006,-0.30396566,0.043032475,-0.54260737,0.14099419,0.35673946,-0.040015254,0.122870356,-0.095866814,-0.10544755,0.17749217,0.63975734
2026-01-19,-0.6054908,-0.05910866,0.00021252222,0.034853864,-0.17929086,0.11028148,0.31694627,-0.051835783,-0.8484366,0.4843616,0.20412558,-0.43626052,-0.35871375,0.48664844,0.23667966,0.053493574,0.22242379,-0.28170282,-0.19301061,-0.17919563,-0.23596404,-0.3053826,0.042503804,-0.54236543,0.13884059,0.356098,-0.043811295,0.12199792,-0.09266324,-0.102612585,0.18008922,0.6421355
2026-01-20,-0.6122171,-0.064868495,-0.004260663,0.028896488,-0.18172555,0.10591048,0.3142319,-0.05286452,-0.8595311,0.4853226,0.20241532,-0.43418574,-0.35896614,0.48687312,0.24260597,0.049377687,0.22912861,-0.29199472,-0.18675338,-0.1678829,-0.2327314,-0.3053523,0.04295051,-0.5426054,0.13754371,0.3589083,-0.03528459,0.12269208,-0.09751581,-0.10338639,0.17583622,0.6408606
2026-01-21,-0.6103539,-0.063014865,-0.0038706344,0.028899364,-0.1808486,0.10609604,0.3147642,-0.051553257,-0.8589728,0.48589164,0.20419669,-0.4357729,-0.36046398,0.48592943,0.2406428,0.05234291,0.22660261,-0.28926077,-0.1870776,-0.17065604,-0.23360845,-0.30762354,0.0432956,-0.5436225,0.13607442,0.35684016,-0.0388663,0.121097,-0.095347404,-0.10554035,0.17688419,0.6400715
2026-01-22,-0.6132531,-0.059540413,-0.005736932,0.028807735,-0.18606785,0.11009079,0.3143299,-0.054840885,-0.86264086,0.4838851,0.20462662,-0.43561316,-0.3554669,0.4885935,0.24468969,0.049341798,0.22884114,-0.29390782,-0.18630393,-0.16647099,-0.23337989,-0.30374756,0.04397013,-0.5412453,0.13988745,0.35865566,-0.03180733,0.123729065,-0.09996556,-0.10765058,0.17307922,0.6389063
2026-01-23,-0.6084495,-0.055561677,-0.004134793,0.034103323,-0.18419896,0.113207534,0.3156045,-0.054941267,-0.8539426,0.4817639,0.20690504,-0.43794122,-0.3543224,0.4882564,0.24299009,0.052126903,0.22503445,-0.28630996,-0.19073091,-0.17412315,-0.23435985,-0.30135307,0.043920558,-0.54080445,0.14198333,0.3573446,-0.035858754,0.12467344,-0.097376704,-0.1075808,0.17470847,0.6397788
2026-01-26,-0.6061537,-0.052290156,-0.0044482686,0.037348006,-0.18536164,0.116163455,0.31524578,-0.056515567,-0.8544559,0.48342818,0.21006379,-0.43923295,-0.34932888,0.49332032,0.24422665,0.05407956,0.22628717,-0.2853794,-0.18925653,-0.1759148,-0.23489211,-0.29873034,0.04387302,-0.5407763,0.1431278,0.358149,-0.03295092,0.12568073,-0.100567326,-0.1095038,0.17283244,0.637965
2026-01-27,-0.6148493,-0.054992735,-0.012020046,0.032655902,-0.19040215,0.11500643,0.3123452,-0.05950971,-0.86850774,0.48265278,0.21038067,-0.4381702,-0.34951547,0.49472207,0.25423965,0.04860658,0.23171042,-0.29726493,-0.18350221,-0.16328916,-0.2307452,-0.29616418,0.04424475,-0.54328424,0.14544061,0.359985,-0.02312057,0.12714164,-0.10775593,-0.112880945,0.16574436,0.63796604
2026-01-28,-0.6111181,-0.055383213,-0.0068402346,0.034184217,-0.18916106,0.114184886,0.31357262,-0.056457408,-0.8616927,0.48367506,0.20818824,-0.4368673,-0.34966198,0.49390692,0.24826534,0.051759183,0.22988692,-0.29234496,-0.18749689,-0.16927963,-0.23240338,-0.29726043,0.043001257,-0.5413278,0.14489907,0.36093545,-0.027321782,0.126592,-0.1044351,-0.11085029,0.17128955,0.6385184
2026-01-29,-0.6172556,-0.06648354,-0.005963344,0.023222072,-0.18770583,0.10325484,0.31260988,-0.051334895,-0.86842644,0.48487252,0.20072818,-0.43245852,-0.3599704,0.48660734,0.24506365,0.04819597,0.23233742,-0.30006146,-0.18371712,-0.15989456,-0.23124045,-0.3058743,0.04335776,-0.54140997,0.13749892,0.36160767,-0.030120242,0.123801604,-0.10027674,-0.1057937,0.17494158,0.64006484
2026-01-30,-0.61565816,-0.06938867,-0.0041836593,0.02258367,-0.18494333,0.099140644,0.31355357,-0.048489623,-0.86260355,0.48494542,0.19599369,-0.431532,-0.36351383,0.480178,0.23988576,0.04941941,0.23118286,-0.296946,-0.18399282,-0.16232878,-0.23270205,-0.30954581,0.043672077,-0.53997356,0.1325889,0.36139148,-0.03493197,0.12239331,-0.095969796,-0.10272085,0.17994276,0.64173234
2026-02-02,-0.62319374,-0.07068885,-0.014110558,0.01835519,-0.1906305,0.099426076,0.3085083,-0.05366215,-0.8777785,0.48329514,0.20140171,-0.4333353,-0.35874796,0.48313382,0.25216004,0.0453327,0.23795842,-0.30735317,-0.1755565,-0.15043035,-0.22837746,-0.30562693,0.045275692,-0.5423837,0.13457814,0.36395335,-0.022015568,0.12532006,-0.107070684,-0.107674405,0.17016986,0.6397256
2026-02-03,-0.6204038,-0.069212295,-0.006056022,0.022345034,-0.18875328,0.100870125,0.3119418,-0.050255924,-0.87145054,0.4879238,0.19743833,-0.43115196,-0.3627669,0.4862813,0.24329643,0.0472268,0.23343424,-0.30253434,-0.18324815,-0.15890492,-0.23165955,-0.3090441,0.042785354,-0.54345006,0.13605407,0.3642144,-0.030711595,0.12333134,-0.10176776,-0.10367113,0.17784666,0.64312166
2026-02-04,-0.6234819,-0.07553932,-0.006207008,0.015452181,-0.1879977,0.093159616,0.31167096,-0.0478948,-0.87202233,0.4858287,0.1916357,-0.42984894,-0.3681948,0.47702008,0.24132515,0.044948943,0.23442751,-0.30610877,-0.18024786,-0.15292238,-0.23184924,-0.3138749,0.044852726,-0.54052716,0.12970841,0.36328486,-0.032276396,0.12204696,-0.09731306,-0.10060613,0.17992343,0.6431962
2026-02-05,-0.624356,-0.07233007,-0.008765655,0.018246919,-0.18893094,0.09753402,0.3119238,-0.05014333,-0.87374085,0.48561198,0.19474804,-0.43110698,-0.36361232,0.4805477,0.24436946,0.04417726,0.23595268,-0.3067783,-0.17948942,-0.15327117,-0.23098677,-0.3104718,0.045015443,-0.54017246,0.13259798,0.36510172,-0.0270953,0.123800784,-0.100785136,-0.10326159,0.17619054,0.64168274
2026-02-06,-0.62144333,-0.079169065,-7.556565e-05,0.01673543,-0.18211378,0.090746656,0.3143773,-0.043151066,-0.86362183,0.48837477,0.18605828,-0.42745355,-0.37240934,0.47401643,0.23198323,0.044941746,0.23220696,-0.30116466,-0.18475892,-0.15973052,-0.2337314,-0.31897694,0.043758534,-0.5395215,0.1270369,0.36415303,-0.03993118,0.11978537,-0.090543166,-0.09486722,0.18732888,0.6456031
2026-02-09,-0.6195115,-0.07201909,-0.004156973,0.019867755,-0.18462282,0.09841606,0.3154564,-0.048378438,-0.8633921,0.48403227,0.19373876,-0.43085682,-0.36743027,0.47661704,0.23815821,0.046392452,0.22871187,-0.29795992,-0.18569548,-0.16175185,-0.23203258,-0.3125945,0.04524962,-0.5391769,0.1312173,0.36003095,-0.038593393,0.120133385,-0.09312725,-0.10176875,0.18043746,0.64254916
2026-02-10,-0.6239909,-0.07629533,-0.0067209247,0.015113758,-0.18643227,0.09398475,0.31258398,-0.047219954,-0.871043,0.48510003,0.19124117,-0.4289138,-0.366638,0.47616273,0.24078144,0.043577254,0.23590264,-0.30637458,-0.17959253,-0.15290803,-0.23116453,-0.31307665,0.04495476,-0.5388528,0.12954819,0.36508426,-0.030252192,0.12240146,-0.09764138,-0.10029684,0.1792067,0.64245015
2026-02-11,-0.62564325,-0.07707146,-0.0053167325,0.01305254,-0.18778923,0.09345034,0.31251013,-0.046431534,-0.8708699,0.48514116,0.18881202,-0.4282097,-0.3683703,0.47409642,0.23874702,0.042449594,0.23438533,-0.30702275,-0.18134753,-0.152559,-0.2319819,-0.31554058,0.044701047,-0.5387052,0.12933794,0.36519498,-0.032120045,0.12164475,-0.096618384,-0.09945305,0.18176068,0.6436729
2026-02-12,-0.621425,-0.07927433,-0.0015153624,0.015313818,-0.18306993,0.089693084,0.31395614,-0.043014593,-0.86576414,0.48727572,0.18696666,-0.42717713,-0.37159887,0.47400916,0.23381431,0.045650266,0.23412313,-0.30305436,-0.18178977,-0.15670767,-0.23311393,-0.317552,0.043991394,-0.53856766,0.12596685,0.36472732,-0.03719454,0.12083386,-0.09172334,-0.09572301,0.18554099,0.6443547
2026-02-13,-0.6269783,-0.084409036,-0.0007682089,0.008987749,-0.18488108,0.08358566,0.31260175,-0.040973194,-0.8706659,0.4885654,0.18072644,-0.4248546,-0.37943152,0.46964082,0.23227127,0.043034453,0.23463854,-0.3085109,-0.18214385,-0.15160587,-0.23288538,-0.3241005,0.044232816,-0.5407171,0.1224972,0.36512363,-0.040594187,0.11909844,-0.08993079,-0.09336233,0.18956968,0.647865
2026-02-16,-0.6261718,-0.086728536,0.002175305,0.008250849,-0.18284617,0.081518464,0.31308514,-0.038440138,-0.868244,0.49019772,0.17915317,-0.42402172,-0.38031423,0.4686056,0.22814392,0.04310428,0.23358625,-0.30668584,-0.18329062,-0.15282494,-0.23419899,-0.32660013,0.044054452,-0.53851765,0.121626616,0.36513096,-0.042683076,0.11800726,-0.08678019,-0.09074749,0.19244294,0.64781094
2026-02-17,-0.6303125,-0.08825311,-0.0032630991,0.006544942,-0.1849149,0.08191479,0.31220064,-0.040105045,-0.87617916,0.490292,0.18031988,-0.42353684,-0.38045648,0.4694558,0.23372231,0.041026562,0.23609352,-0.3121563,-0.17934473,-0.14716779,-0.23155455,-0.32443166,0.044265732,-0.5410584,0.12275982,0.36631504,-0.03772066,0.118267626,-0.09203188,-0.09335378,0.1881327,0.6478141
2026-02-18,-0.62940013,-0.08474773,-0.0037223976,0.009694234,-0.18490526,0.083627835,0.31232673,-0.041929245,-0.87206,0.4887449,0.18197799,-0.4263818,-0.37842545,0.46859226,0.23421966,0.041734017,0.23423806,-0.3082638,-0.18122019,-0.15075618,-0.23294939,-0.3237318,0.04520286,-0.5403899,0.123055786,0.36505485,-0.03895345,0.11918308,-0.090829924,-0.09388514,0.18817905,0.6488127
2026-02-19,-0.6252647,-0.08804675,0.004730899,0.007851261,-0.18106972,0.08084787,0.3151427,-0.036306523,-0.86300457,0.4891252,0.17660609,-0.42250335,-0.38060686,0.46537408,0.2242782,0.043453146,0.23256421,-0.3039918,-0.18550055,-0.15567268,-0.23501424,-0.32685596,0.043642983,-0.5357828,0.12034562,0.36622068,-0.04503127,0.11747299,-0.08390738,-0.088842764,0.19547267,0.6482205
2026-02-20,-0.63077396,-0.08748629,-0.00505024,0.007894384,-0.18474078,0.08280893,0.31206048,-0.04215815,-0.8750484,0.48853934,0.18159229,-0.42578498,-0.37635055,0.46863988,0.23513703,0.040709235,0.23812939,-0.3116568,-0.1772169,-0.14802785,-0.23188446,-0.32318422,0.045758963,-0.53985864,0.12142536,0.36740044,-0.03485908,0.11977148,-0.093773365,-0.09397738,0.18628979,0.64655346
2026-02-23,-0.6338418,-0.091702074,-0.0044273064,0.001993563,-0.18564475,0.077246435,0.31107458,-0.038994722,-0.87886596,0.48901027,0.17772192,-0.42356625,-0.38200364,0.46501127,0.2339641,0.03907893,0.23896646,-0.31637195,-0.17609565,-0.14203207,-0.2317254,-0.32686746,0.04543201,-0.53930885,0.118989974,0.36816585,-0.03529768,0.1190719,-0.09133889,-0.09161834,0.18849118,0.6478478
2026-02-24,-0.63911206,-0.10195867,-0.0035740677,-0.007280709,-0.18577057,0.06870349,0.30856502,-0.035332777,-0.88500786,0.4899276,0.17114252,-0.4179725,-0.3883222,0.46092585,0.232751,0.0349874,0.24255498,-0.32406312,-0.17354567,-0.1332853,-0.22945355,-0.33262205,0.044049945,-0.5396212,0.11437151,0.36978143,-0.035481524,0.11700763,-0.09040932,-0.08739093,0.19116813,0.64971066
2026-02-25,-0.6382062,-0.090439685,-0.008724624,-0.0018301345,-0.19131866,0.07988923,0.30811936,-0.042918995,-0.8895361,0.4879791,0.18079507,-0.42316672,-0.37781245,0.46943513,0.24108346,0.03588684,0.24316207,-0.3248642,-0.1719083,-0.13331124,-0.22882512,-0.32430688,0.04594661,-0.5398298,0.12198216,0.36943787,-0.026228461,0.120793656,-0.09896359,-0.09605566,0.18162604,0.64501435
2026-02-26,-0.6310306,-0.08695269,-0.005081564,0.0051710084,-0.18917389,0.08226022,0.3096034,-0.042140506,-0.8769759,0.48634642,0.18240422,-0.42485034,-0.3745778,0.46947458,0.23836546,0.040253177,0.23920669,-0.3143944,-0.17749764,-0.14354396,-0.23119423,-0.3200664,0.04471703,-0.53776586,0.12395495,0.36863053,-0.030802231,0.12185006,-0.09557733,-0.094227806,0.18537685,0.64645696
2026-02-27,-0.636184,-0.089423776,-0.007764714,0.002313532,-0.19130981,0.079638444,0.30783564,-0.04251653,-0.8851981,0.48846966,0.18013656,-0.42400384,-0.37733793,0.46992177,0.24064724,0.03774296,0.24266356,-0.32145688,-0.17388935,-0.13747106,-0.22996594,-0.32283735,0.045196738,-0.5410445,0.12278229,0.37008363,-0.028189141,0.12189132,-0.09885876,-0.09466946,0.18446308,0.64798105
2026-03-02,-0.6353963,-0.095870465,-0.00021867827,-0.0023831092,-0.1875268,0.073608585,0.3098775,-0.03723757,-0.87911695,0.48957253,0.17166728,-0.4195214,-0.38599467,0.46358737,0.23065312,0.037601262,0.2397246,-0.31961536,-0.17841013,-0.13948372,-0.23080744,-0.33092198,0.044697337,-0.5388723,0.11782563,0.36892027,-0.03772008,0.11840859,-0.08992812,-0.08912477,0.19280857,0.6486212
2026-03-03,-0.6360743,-0.099120595,-0.0009044446,-0.0043005906,-0.18471687,0.069330536,0.31020665,-0.035060972,-0.8792683,0.49031782,0.17138669,-0.42024153,-0.38988942,0.46001217,0.22908895,0.03814888,0.23844475,-0.31794682,-0.17706887,-0.13901715,-0.2317423,-0.33400607,0.045548588,-0.53889984,0.11424452,0.36782202,-0.04127114,0.11684294,-0.0868772,-0.08693423,0.19447798,0.6503979
2026-03-04,-0.6353661,-0.10403911,0.0030958503,-0.0051474795,-0.18122466,0.06383975,0.31221068,-0.030013971,-0.87342876,0.4920038,0.165279,-0.41840515,-0.39457083,0.45402974,0.22173123,0.038937353,0.23643027,-0.31479672,-0.17899533,-0.14259154,-0.23375154,-0.33866924,0.045654476,-0.53698987,0.109650165,0.36769372,-0.048189823,0.114104465,-0.08034049,-0.08266395,0.20138223,0.65288234
2026-03-05,-0.6305247,-0.10105114,0.009185033,-0.0017568078,-0.1788325,0.066470504,0.3152828,-0.0282434,-0.86389357,0.49193442,0.16282478,-0.4168007,-0.39652044,0.45384443,0.21467449,0.040446512,0.23235495,-0.30929807,-0.18544684,-0.15005365,-0.23562874,-0.3397293,0.043992147,-0.5354625,0.110503584,0.36672628,-0.054652203,0.113296136,-0.07461183,-0.07983476,0.2058902,0.6537581
2026-03-06,-0.6357725,-0.11108913,0.0048676785,-0.010292362,-0.17723429,0.05881697,0.31255725,-0.026436925,-0.8738125,0.49258864,0.16122049,-0.4134349,-0.39819813,0.45109552,0.21922694,0.036723882,0.2387268,-0.31779355,-0.17702077,-0.13855621,-0.23220596,-0.34136313,0.04359542,-0.53576154,0.105701536,0.36784628,-0.048861187,0.11159803,-0.077044755,-0.07891148,0.20241655,0.65232277
2026-03-09,-0.6343462,-0.10269212,0.006356783,-0.0044979956,-0.18085803,0.06662143,0.31434304,-0.028670512,-0.8697842,0.4919542,0.16247019,-0.41499114,-0.3962705,0.45471954,0.21814062,0.037884086,0.23482203,-0.31437045,-0.1832939,-0.14473125,-0.23353621,-0.3387104,0.04360862,-0.53610784,0.111664414,0.3685001,-0.05009703,0.11370082,-0.078167304,-0.08134079,0.20342548,0.6534121
2026-03-10,-0.6433203,-0.10927941,-4.4789165e-05,-0.01278853,-0.18485925,0.05936421,0.3092256,-0.030542366,-0.88444966,0.49134254,0.16189355,-0.41488826,-0.397594,0.4530671,0.22659467,0.03341189,0.24209872,-0.32622418,-0.17444648,-0.13056599,-0.23099352,-0.34032863,0.044724025,-0.5384722,0.108350635,0.370611,-0.04197086,0.11503023,-0.08431603,-0.081335664,0.1988063,0.6543897
2026-03-11,-0.6425733,-0.109267026,0.0011859685,-0.012580771,-0.1851228,0.059932116,0.30936295,-0.030989483,-0.88246095,0.490493,0.16169044,-0.41512933,-0.397782,0.45247564,0.22639312,0.03337428,0.24080911,-0.3250463,-0.17653258,-0.1318014,-0.23110186,-0.3396256,0.04478704,-0.5383264,0.10978773,0.36980617,-0.043277603,0.11501804,-0.083665326,-0.0808481,0.19954512,0.6542791
2026-03-12,-0.6432982,-0.10395628,-0.0036849752,-0.010647092,-0.1876449,0.06696208,0.30868304,-0.035706006,-0.8868734,0.48925573,0.16715708,-0.41719407,-0.39049962,0.45724136,0.23147751,0.032120727,0.24292442,-0.32734993,-0.17285003,-0.13019983,-0.23012094,-0.335458,0.045752704,-0.5391176,0.11256337,0.37091625,-0.03592697,0.11714548,-0.09097995,-0.0855801,0.19269642,0.6512151
2026-03-13,-0.6437216,-0.104223,-0.0031193793,-0.011008536,-0.18805836,0.0653492,0.30874363,-0.034503587,-0.88894254,0.49056798,0.16822398,-0.41791075,-0.39044303,0.45873663,0.23215796,0.03305651,0.24333844,-0.3279395,-0.17268272,-0.12901449,-0.23052949,-0.33525038,0.045797005,-0.53751105,0.1130088,0.3708471,-0.034718264,0.116978034,-0.08940488,-0.08617762,0.1923697,0.6503459
2026-03-16,-0.64032054,-0.109068915,0.0024305247,-0.011640675,-0.18338597,0.05907379,0.31053948,-0.028990597,-0.8796894,0.4920345,0.15992606,-0.41421115,-0.39933258,0.45175147,0.22290014,0.03538793,0.24022329,-0.32312495,-0.17659469,-0.13398132,-0.23127049,-0.3418029,0.045016445,-0.53741074,0.1071766,0.36925262,-0.045876388,0.11379039,-0.08097753,-0.081443176,0.20155165,0.6536134
2026-03-17,-0.643433,-0.10979699,-0.0016493443,-0.013727333,-0.18483911,0.0590429,0.30941147,-0.029757664,-0.8843343,0.49128628,0.16083026,-0.41440207,-0.39770368,0.45027298,0.22577958,0.033784434,0.24228582,-0.3264281,-0.17299692,-0.12999234,-0.22999464,-0.3413182,0.045753807,-0.53712124,0.106826186,0.37060452,-0.041177023,0.11426121,-0.08427806,-0.08342535,0.19874205,0.65271646
2026-03-18,-0.64260554,-0.10253344,-0.004439257,-0.008541126,-0.18866813,0.0664559,0.30917108,-0.033742458,-0.88591796,0.4903829,0.16707411,-0.4176768,-0.39007208,0.45730612,0.23099546,0.034093577,0.24278373,-0.32601017,-0.17309238,-0.13114081,-0.23069887,-0.33440122,0.046023183,-0.5366747,0.11290932,0.37214708,-0.034673203,0.11775094,-0.089927256,-0.086800575,0.19379792,0.6515289
2026-03-19,-0.6451996,-0.10682231,-0.004559096,-0.013151411,-0.18732534,0.06349506,0.30871293,-0.03417667,-0.889029,0.48976624,0.16484538,-0.41604114,-0.39400813,0.45461285,0.23113851,0.032443106,0.24426493,-0.32933992,-0.17131604,-0.12813306,-0.22860177,-0.33812264,0.046370342,-0.5394966,0.10943791,0.37108752,-0.036889877,0.11605857,-0.0898696,-0.08638013,0.1936075,0.6513105
2026-03-20,-0.6434019,-0.10259877,-0.0031506158,-0.009774499,-0.18940969,0.06713346,0.30881456,-0.033831455,-0.88748187,0.49089903,0.16701144,-0.41650897,-0.39132905,0.45923573,0.23063166,0.033494286,0.24239707,-0.32707116,-0.17459346,-0.13079786,-0.22982557,-0.33581805,0.045480095,-0.53797275,0.11373818,0.37188804,-0.035931814,0.11735463,-0.09010318,-0.08706324,0.1941142,0.6516728
2026-03-23,-0.6462624,-0.11528574,0.0010292903,-0.019320566,-0.18428122,0.053376596,0.30870202,-0.02743639,-0.8871663,0.4931323,0.15678793,-0.41252494,-0.40310356,0.4481945,0.22310622,0.032242805,0.24267653,-0.329286,-0.17319255,-0.12657326,-0.23069702,-0.3469133,0.045844764,-0.53773683,0.1034019,0.3703984,-0.044849534,0.112322286,-0.08161914,-0.07995042,0.20230575,0.65438825
2026-03-24,-0.6485663,-0.116174474,0.00052570365,-0.019664165,-0.18577911,0.052677825,0.3079636,-0.026959643,-0.88910437,0.49331015,0.15632918,-0.4124972,-0.40321526,0.44863188,0.22366212,0.031021563,0.24362046,-0.3310437,-0.1727127,-0.1250876,-0.23147778,-0.3466957,0.045571037,-0.53802943,0.10409978,0.37291947,-0.042994734,0.11395471,-0.08310297,-0.0779195,0.20302607,0.6560606
2026-03-25,-0.65187186,-0.11372723,-0.0053187665,-0.020321753,-0.18952131,0.056335807,0.30636013,-0.031522207,-0.8946838,0.49061775,0.15929866,-0.41371635,-0.3982562,0.44963327,0.23112513,0.02811316,0.24640398,-0.3358653,-0.16955556,-0.119813584,-0.228819,-0.3425962,0.046622306,-0.5379573,0.1068798,0.37301368,-0.03506652,0.115496665,-0.088992015,-0.08294536,0.19619696,0.6540254
2026-03-26,-0.6460945,-0.115918905,0.00025127642,-0.019409623,-0.18415366,0.053258047,0.30779737,-0.026782945,-0.8864513,0.49205834,0.15688932,-0.41202867,-0.40151978,0.44751924,0.22354071,0.031824194,0.24445729,-0.32971406,-0.1721523,-0.12580702,-0.23011835,-0.34578174,0.04532941,-0.53674346,0.10376704,0.3723857,-0.04198209,0.11380991,-0.08281742,-0.079363115,0.20204107,0.6541111
2026-03-27,-0.6434996,-0.11515925,0.0034058709,-0.017057046,-0.1832197,0.05245247,0.3089966,-0.024254993,-0.882074,0.49408388,0.15558165,-0.41242248,-0.40464547,0.44736725,0.21942882,0.034085415,0.24074362,-0.3255427,-0.1759639,-0.13052684,-0.2324376,-0.34725404,0.044692524,-0.53722334,0.1038357,0.37148964,-0.047789056,0.11277637,-0.07884309,-0.077273674,0.20669945,0.6566166
2026-03-30,-0.6493077,-0.11867365,0.0037840419,-0.022017162,-0.18492916,0.049646933,0.30840728,-0.024433717,-0.88722974,0.49448276,0.15120675,-0.41056588,-0.4073175,0.4453655,0.21878923,0.030128634,0.24279596,-0.33145568,-0.17456593,-0.12509489,-0.23240134,-0.3514874,0.045709398,-0.53732413,0.10204369,0.37275416,-0.047016237,0.112483695,-0.079612106,-0.07545282,0.20755595,0.6575807
2026-03-31,-0.64582604,-0.114129364,-0.0004284233,-0.016297545,-0.18493141,0.05551441,0.3089069,-0.027957201,-0.8841946,0.49111086,0.15724128,-0.41313437,-0.40039143,0.44778413,0.22444038,0.031634025,0.24329582,-0.32834494,-0.17347617,-0.12814936,-0.23015426,-0.34320685,0.045908272,-0.53679216,0.10545558,0.3723867,-0.04221232,0.114559725,-0.08319901,-0.07983293,0.20156066,0.6550382
2026-04-01,-0.6480844,-0.11528818,-0.00031819567,-0.019208133,-0.18728785,0.05425907,0.30810773,-0.027017914,-0.889657,0.4925019,0.15654999,-0.4115138,-0.40328833,0.44950518,0.22533982,0.030894406,0.24361944,-0.33223766,-0.17370103,-0.12425931,-0.2295496,-0.34431395,0.044767614,-0.5378977,0.10651058,0.37281853,-0.04163819,0.11394562,-0.083859384,-0.07997357,0.2016858,0.6558405
2026-04-02,-0.64756626,-0.11428404,0.0013817009,-0.018209606,-0.1863427,0.054905534,0.30934343,-0.026076406,-0.887201,0.49268115,0.1552965,-0.41093615,-0.4032103,0.44914737,0.22287925,0.030290332,0.2431233,-0.33158785,-0.17517169,-0.12573822,-0.2306117,-0.34464142,0.044584855,-0.5365619,0.10699746,0.3731389,-0.04234102,0.11397983,-0.08195543,-0.07867235,0.20277508,0.65644205
2026-04-03,-0.6469906,-0.11584669,0.000945393,-0.019102652,-0.18438569,0.053848762,0.30919176,-0.02636072,-0.88543797,0.4925887,0.15529522,-0.41183108,-0.40411022,0.4464376,0.2220258,0.031130638,0.24185069,-0.3290255,-0.17448206,-0.12717152,-0.23054232,-0.34685415,0.045462675,-0.53717166,0.10410917,0.37173223,-0.044974353,0.112695456,-0.080990344,-0.07888269,0.20368563,0.6554399
2026-04-06,-0.647694,-0.121816695,0.0059798732,-0.022652287,-0.18242085,0.046597295,0.30913585,-0.020477884,-0.8843102,0.49636585,0.14778861,-0.40804997,-0.41047585,0.4435311,0.21474378,0.03099843,0.24265678,-0.33034536,-0.17521282,-0.12591985,-0.23225275,-0.35355106,0.044691436,-0.53611916,0.10000044,0.3735584,-0.04938439,0.11123489,-0.076242894,-0.07334138,0.21118183,0.6579248
2026-04-07,-0.6472496,-0.12433609,0.006580634,-0.025857773,-0.18006723,0.04273519,0.31008267,-0.019040383,-0.8805601,0.49404776,0.14516139,-0.40816855,-0.41521755,0.43583035,0.21181224,0.031579547,0.23995814,-0.32780436,-0.17603607,-0.12666097,-0.23284525,-0.3573879,0.046198994,-0.5350929,0.09539968,0.3704071,-0.055482667,0.108980015,-0.07106036,-0.072227165,0.21380597,0.6586725
2026-04-08,-0.65197325,-0.13444619,0.007418325,-0.033458192,-0.17782308,0.03521093,0.3094924,-0.015933402,-0.884408,0.49437898,0.13877672,-0.40328497,-0.42064825,0.43110895,0.21006183,0.026885357,0.2439681,-0.33477715,-0.17262657,-0.119379185,-0.23098432,-0.36169606,0.045188863,-0.53493226,0.09020257,0.37258944,-0.055293065,0.10718912,-0.069495216,-0.0667038,0.21536712,0.65992934
2026-04-09,-0.65138817,-0.13237405,0.005619103,-0.03229446,-0.18173534,0.036808975,0.306515,-0.0182001,-0.88843495,0.49428725,0.14325285,-0.40506676,-0.4157775,0.4364115,0.21561442,0.027774677,0.24582362,-0.33642304,-0.17123733,-0.11678146,-0.23006953,-0.35726833,0.045176346,-0.5350054,0.0943445,0.37299895,-0.049580928,0.10957469,-0.07428762,-0.069378085,0.21182634,0.65833884
2026-04-10,-0.6551864,-0.13366526,0.0043885186,-0.034174472,-0.1818041,0.035774026,0.30703804,-0.018403068,-0.891042,0.49483585,0.14087138,-0.40481117,-0.41823262,0.43415555,0.21534522,0.025257453,0.24578719,-0.33896068,-0.17047127,-0.11447443,-0.23012482,-0.3602554,0.046232168,-0.535359,0.09273797,0.37278652,-0.05002941,0.10850635,-0.073569596,-0.06923259,0.21190512,0.6591061
2026-04-13,-0.6540722,-0.12341131,0.0012775958,-0.02699437,-0.1856505,0.045938898,0.30758613,-0.02368328,-0.89232355,0.49383217,0.14875507,-0.4088207,-0.41070527,0.4420616,0.22062524,0.026648901,0.24452183,-0.33675617,-0.17224474,-0.118539765,-0.23073481,-0.35321477,0.046216026,-0.53699964,0.10025236,0.373371,-0.045164313,0.11178546,-0.07971591,-0.074435055,0.20652051,0.65837675
2026-04-14,-0.64634424,-0.11558613,0.0022945814,-0.019622304,-0.1861593,0.051821046,0.30871588,-0.024400815,-0.8837542,0.49201852,0.15375546,-0.41184077,-0.4033506,0.44505978,0.22029652,0.032386445,0.24290922,-0.32893962,-0.17458777,-0.1267635,-0.23211676,-0.34683245,0.04585838,-0.533963,0.10337633,0.37377244,-0.043695133,0.11437009,-0.080064654,-0.077755794,0.20601065,0.65587103
2026-04-15,-0.65254694,-0.1251078,0.002400225,-0.02771778,-0.1846115,0.043939766,0.3081984,-0.02187813,-0.8893422,0.49261016,0.14679864,-0.4072763,-0.4099497,0.4396588,0.21957289,0.027113415,0.24611565,-0.33674434,-0.17126863,-0.118129805,-0.23040347,-0.3517847,0.04552678,-0.5343795,0.09857398,0.37449464,-0.044174682,0.11197089,-0.07822426,-0.07330783,0.20728098,0.65790707
2026-04-16,-0.65237147,-0.12462205,0.0027064178,-0.02749594,-0.1848814,0.042208314,0.30714062,-0.02154731,-0.88929313,0.4939556,0.14709775,-0.40899405,-0.41269097,0.4391594,0.21830149,0.02927479,0.24418879,-0.33431476,-0.17227872,-0.119704396,-0.2317556,-0.35494283,0.04630743,-0.53610075,0.09736836,0.37366402,-0.04778235,0.11191939,-0.07736723,-0.07299356,0.21003586,0.6594496
2026-04-17,-0.65522933,-0.13028057,0.0028650332,-0.03255647,-0.18578403,0.03823188,0.30587167,-0.019245073,-0.895876,0.49638367,0.14367872,-0.40517622,-0.41455,0.43993613,0.21867026,0.02742335,0.24846666,-0.3413373,-0.16893522,-0.113169305,-0.22942558,-0.3569182,0.045632076,-0.5363773,0.09579128,0.37532154,-0.04475939,0.11062516,-0.07891567,-0.07311875,0.20986485,0.6579811
2026-04-20,-0.6556956,-0.13269044,0.0039274935,-0.034386896,-0.18471393,0.035406183,0.30593812,-0.018135503,-0.8938032,0.49515074,0.14178273,-0.40488428,-0.41857487,0.4357988,0.21650364,0.02719344,0.24632333,-0.33958322,-0.1702909,-0.11396015,-0.2303158,-0.35961157,0.045761228,-0.5367202,0.09356466,0.37433112,-0.049457792,0.10980035,-0.07613966,-0.06991448,0.21281205,0.6603709
2026-04-21,-0.65722007,-0.13405454,0.004448656,-0.036518265,-0.18307446,0.033977933,0.30584347,-0.017121173,-0.8930931,0.49496144,0.13968223,-0.4046198,-0.42001536,0.43299842,0.21506418,0.024425028,0.24663511,-0.34127316,-0.17066948,-0.111856766,-0.23085484,-0.36198866,0.045996368,-0.53548443,0.09286085,0.37438136,-0.04897895,0.10955605,-0.073451295,-0.06818891,0.21335982,0.66060644
2026-04-22,-0.65284854,-0.13477662,0.008557994,-0.032998204,-0.17926356,0.032818247,0.3085382,-0.013785094,-0.88583934,0.49709797,0.13708287,-0.40317312,-0.42157906,0.43249586,0.20897393,0.027375767,0.2447224,-0.33583796,-0.17270829,-0.11819327,-0.23223744,-0.36292204,0.04532121,-0.5340723,0.09078133,0.37424088,-0.054439154,0.10811132,-0.06893894,-0.06559944,0.21781938,0.6612602
2026-04-23,-0.65104544,-0.13001953,0.008437503,-0.030234896,-0.18125172,0.037697412,0.30888626,-0.0160259,-0.88406384,0.49533916,0.14008558,-0.4047434,-0.41685417,0.43520674,0.21017303,0.028348703,0.24364331,-0.333452,-0.17415227,-0.12097365,-0.23298639,-0.36001807,0.04573157,-0.5331026,0.09366402,0.3736149,-0.05328026,0.10931359,-0.07099992,-0.06819249,0.21620259,0.660099
2026-04-24,-0.65529436,-0.13665132,0.0063125063,-0.035944153,-0.1808885,0.03188669,0.307459,-0.014465675,-0.889992,0.4962237,0.13704634,-0.40262002,-0.4212348,0.43156374,0.21141388,0.02588252,0.24631289,-0.3391772,-0.17013897,-0.11404861,-0.2309411,-0.36301032,0.045760535,-0.53387624,0.09008834,0.3743868,-0.05184174,0.10781282,-0.07109335,-0.06678278,0.21585262,0.6603529
2026-04-27,-0.655125,-0.13417767,0.0075246524,-0.036278676,-0.18199109,0.034576513,0.30786222,-0.015738577,-0.8888207,0.4947973,0.13769993,-0.40317848,-0.4204822,0.43173045,0.21037589,0.025362635,0.24476926,-0.3385363,-0.17246087,-0.11528017,-0.23174407,-0.36322814,0.046140425,-0.5334537,0.0916082,0.37403268,-0.052587103,0.10838011,-0.07112573,-0.06698817,0.2158915,0.6599617
2026-04-28,-0.6524419,-0.13449752,0.008081179,-0.032594606,-0.17900981,0.03314534,0.308446,-0.014592677,-0.88455474,0.49627185,0.13803355,-0.40378308,-0.42146468,0.43184182,0.20931675,0.028618395,0.24415162,-0.33367696,-0.17343776,-0.11989937,-0.23178126,-0.36285108,0.045556366,-0.53442866,0.09037584,0.37404406,-0.055518035,0.1082378,-0.06936969,-0.06631727,0.21807626,0.6611253
2026-04-29,-0.6478462,-0.14086178,0.016513428,-0.037630223,-0.17318696,0.024388485,0.31019148,-0.0060334057,-0.8748721,0.49706566,0.13045517,-0.40054956,-0.430638,0.4231878,0.19716819,0.030483477,0.2391144,-0.32832348,-0.17728628,-0.122765556,-0.2348193,-0.37177363,0.045455854,-0.530066,0.0832894,0.37049446,-0.068048835,0.1037821,-0.05610538,-0.05977994,0.22809249,0.66223675
2026-04-30,-0.6542593,-0.13491495,0.007711578,-0.0352529,-0.18145534,0.033611033,0.30821687,-0.014837027,-0.8874468,0.4951148,0.13749477,-0.4029091,-0.42040178,0.43169135,0.21049394,0.026188286,0.24474981,-0.3374685,-0.17252536,-0.1159327,-0.2318032,-0.36202618,0.04555676,-0.5328204,0.09139532,0.37421143,-0.052739214,0.10827918,-0.07026243,-0.066459134,0.21646702,0.6604818
2026-05-01,-0.6558473,-0.14271146,0.010439837,-0.04263057,-0.18028143,0.024429977,0.30643737,-0.010122903,-0.88898575,0.4962725,0.13187063,-0.40044683,-0.42795745,0.42600924,0.20676993,0.025570687,0.24512063,-0.34009364,-0.17188998,-0.111123,-0.23217127,-0.36870435,0.045728687,-0.5322728,0.086364806,0.37353337,-0.05708528,0.10613851,-0.06554644,-0.06226317,0.22171007,0.6618997
2026-05-04,-0.66185206,-0.13983351,0.0029791445,-0.041632745,-0.18413845,0.028285362,0.3044249,-0.016420312,-0.89876616,0.4955057,0.13696426,-0.40348533,-0.42326316,0.43051368,0.2166828,0.02252365,0.2491194,-0.34587696,-0.16754563,-0.10586311,-0.22998103,-0.3646398,0.046861693,-0.53561544,0.08937672,0.37528738,-0.048234347,0.10880005,-0.07411216,-0.066540726,0.21378325,0.66158175
2026-05-05,-0.65371794,-0.13726452,0.008866692,-0.036585197,-0.17945677,0.03003136,0.30737412,-0.012546748,-0.8858178,0.49648774,0.1355885,-0.40307206,-0.42257988,0.4290176,0.2069584,0.026723433,0.2448687,-0.3361567,-0.17184131,-0.11671254,-0.23332931,-0.36608267,0.04607802,-0.5328191,0.08793333,0.37458903,-0.055567626,0.10760498,-0.06827828,-0.06368758,0.21992369,0.66186184
2026-05-06,-0.65498525,-0.13622874,0.008602601,-0.03721748,-0.1813695,0.031701874,0.30742458,-0.013843596,-0.8869238,0.49484706,0.13465112,-0.4013037,-0.42331007,0.4293481,0.20896272,0.025323872,0.24458328,-0.3382491,-0.1733722,-0.11494245,-0.23143452,-0.36464894,0.045247406,-0.53342146,0.09015554,0.37413347,-0.05480816,0.10783994,-0.069152415,-0.065261915,0.21856995,0.66204137
2026-05-07,-0.6573065,-0.13678743,0.009116238,-0.03688183,-0.18290335,0.030865278,0.30759785,-0.01345405,-0.8893036,0.49723572,0.13318846,-0.40095744,-0.42526057,0.43074632,0.20838977,0.025411025,0.24478585,-0.3397178,-0.17405142,-0.11491176,-0.23215535,-0.3659115,0.04479295,-0.53519803,0.09035471,0.37579054,-0.055427734,0.10799651,-0.06994158,-0.06428174,0.22054434,0.6639946
2026-05-08,-0.6547266,-0.1359526,0.0077607892,-0.035744093,-0.18161066,0.031297754,0.30777103,-0.014574967,-0.88477623,0.4935969,0.13590965,-0.40378967,-0.42153817,0.42768645,0.21019499,0.026741397,0.24375269,-0.33535886,-0.17360146,-0.11701215,-0.23215666,-0.3630926,0.046749994,-0.5322043,0.089946955,0.37347448,-0.05526122,0.10827114,-0.06877434,-0.06615124,0.21870367,0.66195667
2026-05-11,-0.65565616,-0.14004129,0.008760205,-0.040830217,-0.17901525,0.026462968,0.30701578,-0.01134225,-0.88881046,0.49530423,0.13430768,-0.4022863,-0.4253836,0.42678577,0.2083786,0.025363687,0.2459165,-0.33952585,-0.17030372,-0.11169986,-0.23230428,-0.36731416,0.04650043,-0.5320078,0.08639029,0.3735754,-0.0549475,0.1071212,-0.065967694,-0.06372231,0.21891014,0.66092324
2026-05-12,-0.65830064,-0.13892098,0.0055774525,-0.0386348,-0.1840275,0.028978243,0.30577943,-0.013570435,-0.89294755,0.49584854,0.13502575,-0.40173373,-0.4235039,0.42988703,0.21257098,0.024903385,0.24711786,-0.34211144,-0.17018642,-0.11079087,-0.23075487,-0.36381617,0.045480076,-0.53443956,0.08992967,0.37588486,-0.051379647,0.10843074,-0.0721948,-0.065616384,0.21755484,0.66310364
2026-05-13,-0.66153187,-0.14382327,0.0067747924,-0.04408597,-0.18246317,0.022567976,0.30494744,-0.010365449,-0.8943056,0.49686807,0.13053444,-0.40153617,-0.4291856,0.42409447,0.20880218,0.023185702,0.2471951,-0.3440995,-0.16933556,-0.10736598,-0.23245466,-0.3708566,0.046834677,-0.533804,0.08539122,0.37620172,-0.054254692,0.10732272,-0.068226546,-0.06216046,0.2217234,0.6647717
2026-05-14,-0.6602238,-0.143287,0.009595368,-0.044223975,-0.18233353,0.024805106,0.3068541,-0.010149494,-0.8922012,0.49615604,0.12970598,-0.39924714,-0.42822394,0.42549545,0.20715283,0.022888951,0.24671742,-0.34404287,-0.17132281,-0.10849057,-0.23182574,-0.36926627,0.045718566,-0.5319234,0.08665115,0.3763919,-0.054439176,0.10685304,-0.06721732,-0.062050447,0.22155191,0.66281015
2026-05-15,-0.65811,-0.14211784,0.008401955,-0.041809272,-0.1807346,0.02541823,0.3067997,-0.012208298,-0.88832366,0.4944672,0.130775,-0.40152422,-0.42551962,0.42336005,0.20783888,0.024433399,0.2470855,-0.3408062,-0.16984858,-0.11151827,-0.23221366,-0.36825117,0.047008347,-0.5323925,0.08484751,0.3754024,-0.054746177,0.10758866,-0.067983314,-0.06288113,0.2208692,0.6619875
2026-05-18,-0.66082865,-0.14168401,0.0047243424,-0.042020187,-0.1833369,0.025754075,0.30520085,-0.013063006,-0.895713,0.49632287,0.13320774,-0.40182507,-0.4273943,0.42705613,0.2119901,0.023906255,0.24756676,-0.3439989,-0.16859813,-0.10812586,-0.23056902,-0.36777535,0.046955246,-0.53565127,0.0868814,0.3756534,-0.05312727,0.10766557,-0.07157157,-0.06477823,0.21853843,0.6638581
2026-05-19,-0.6583325,-0.14445162,0.011530625,-0.042611636,-0.18144284,0.022276629,0.3061248,-0.0076401234,-0.88869846,0.49839216,0.12618658,-0.3979569,-0.43170378,0.42413628,0.20302965,0.024479136,0.24573305,-0.3416891,-0.17298473,-0.11138636,-0.232796,-0.37228552,0.044966415,-0.533168,0.085124016,0.37692142,-0.058683228,0.10642098,-0.065489516,-0.05941339,0.22665827,0.6659324
2026-05-20,-0.6599496,-0.1449624,0.008090824,-0.044155885,-0.18066102,0.021765392,0.30569935,-0.009396814,-0.89401656,0.49865782,0.12912548,-0.3996401,-0.43025163,0.42473215,0.2062036,0.024329212,0.24773288,-0.34383273,-0.16797192,-0.10824372,-0.23233567,-0.37252808,0.04644985,-0.5343979,0.08298163,0.3759634,-0.056062,0.10601804,-0.06787042,-0.061492875,0.22267841,0.66386163
2026-05-21,-0.659029,-0.14975141,0.012288313,-0.04807928,-0.17784537,0.016614746,0.3063016,-0.0053119957,-0.8893057,0.49829078,0.12411347,-0.39746875,-0.4353706,0.4192019,0.20059048,0.024330275,0.24620745,-0.34219217,-0.17040388,-0.10859619,-0.23265103,-0.3773066,0.0467022,-0.53197354,0.07950696,0.37481236,-0.061811272,0.103974804,-0.061560694,-0.05840712,0.22785443,0.664109
2026-05-22,-0.6563759,-0.14537069,0.01142168,-0.04375832,-0.177234,0.020749986,0.30764124,-0.006901413,-0.8857001,0.4969533,0.12653048,-0.3985602,-0.4325101,0.42033416,0.20151986,0.025183499,0.24496198,-0.33940506,-0.17135914,-0.11184085,-0.23280224,-0.3734448,0.046428595,-0.53166395,0.08186293,0.3742457,-0.060925003,0.105023,-0.061931875,-0.059715614,0.22575784,0.6639698
2026-05-25,-0.6580586,-0.14294459,0.0093985535,-0.04163679,-0.18003257,0.02480169,0.3068373,-0.010639906,-0.88986135,0.49761742,0.13021466,-0.40062764,-0.4278275,0.4257429,0.20554174,0.024496827,0.24610941,-0.34052488,-0.17019321,-0.112174265,-0.23267601,-0.3710472,0.047020867,-0.5337148,0.0843509,0.37494308,-0.05773997,0.10607293,-0.067429036,-0.06189803,0.22258049,0.66331613
2026-05-26,-0.6626553,-0.14505297,0.005452186,-0.04744308,-0.18435495,0.021969717,0.30367362,-0.012730464,-0.8982223,0.49471647,0.13171707,-0.40065652,-0.42893133,0.42452928,0.21282937,0.022676846,0.2488766,-0.3470513,-0.1677158,-0.10307489,-0.22996132,-0.36932543,0.047263294,-0.5341175,0.085507184,0.37507161,-0.052342575,0.10746372,-0.07087304,-0.063785926,0.21859728,0.66278785
2026-05-27,-0.6636404,-0.14769977,0.007049607,-0.048607018,-0.18306297,0.01885438,0.3040348,-0.009199612,-0.8982954,0.49804032,0.12666188,-0.39903653,-0.43203917,0.42247102,0.20774864,0.021497864,0.24965872,-0.34921125,-0.16623609,-0.102233976,-0.23150659,-0.37434983,0.04735315,-0.5337858,0.08204888,0.3765232,-0.053718124,0.10619682,-0.06831555,-0.06121383,0.22229116,0.66386503
2026-05-28,-0.6682086,-0.15409845,0.0061534867,-0.053653438,-0.1819127,0.014549281,0.30323654,-0.0087566,-0.90088195,0.49711055,0.12236833,-0.39600554,-0.43398568,0.4181713,0.20827444,0.017262647,0.25290447,-0.35381123,-0.16383879,-0.09661854,-0.22994994,-0.37632066,0.04734285,-0.53313136,0.0795013,0.3780743,-0.05194604,0.10558982,-0.06900506,-0.058244437,0.22233625,0.6649225
2026-05-29,-0.66339123,-0.1546001,0.009823451,-0.051927973,-0.17795217,0.0125690885,0.30507433,-0.0049015954,-0.8944743,0.49875975,0.12193541,-0.39612597,-0.4370673,0.41661397,0.20279087,0.021856075,0.2493479,-0.34712365,-0.16668613,-0.10297467,-0.23153602,-0.37837276,0.04657547,-0.5327088,0.07717185,0.3766839,-0.058757026,0.10370469,-0.063264936,-0.05706952,0.2270088,0.664954
2026-06-01,-0.6637667,-0.15682158,0.012382226,-0.054856766,-0.178188,0.011874676,0.30464152,-0.004476264,-0.8933976,0.49763834,0.119748116,-0.3937415,-0.4380866,0.41586173,0.20130177,0.019673942,0.24911702,-0.3483558,-0.16858162,-0.10149576,-0.2308267,-0.37978324,0.046018586,-0.5315673,0.077424705,0.37600595,-0.06018236,0.10302648,-0.06197625,-0.05516208,0.22818694,0.66498625
2026-06-02,-0.6627177,-0.1623538,0.016660979,-0.05614559,-0.17238502,0.0057621524,0.30665523,0.0012106039,-0.8867995,0.49983084,0.113248296,-0.3916378,-0.4453155,0.40891287,0.1925783,0.02039808,0.2461317,-0.34401315,-0.17109074,-0.10561665,-0.23327945,-0.3863785,0.045660064,-0.53132886,0.07224132,0.37538385,-0.06937076,0.0998214,-0.054396477,-0.049507704,0.23624374,0.66827226
2026-06-03,-0.66363126,-0.15670566,0.010276977,-0.054593023,-0.17720276,0.01041282,0.3044309,-0.004055299,-0.8942071,0.49707115,0.12155881,-0.39601618,-0.4401177,0.41400993,0.20179625,0.020773059,0.24845338,-0.3473041,-0.16712509,-0.101726666,-0.23179895,-0.3802178,0.046671517,-0.53283054,0.07599001,0.375889,-0.061169636,0.10342857,-0.061487127,-0.054235004,0.22795881,0.66638875
2026-06-04,-0.6611792,-0.14946598,0.010842705,-0.047551047,-0.17969477,0.017330945,0.3054595,-0.0073946044,-0.8903235,0.49756318,0.12403877,-0.39829218,-0.43401775,0.41862378,0.20286061,0.02300669,0.24698642,-0.34346232,-0.17044546,-0.108187996,-0.23266181,-0.37602624,0.046560794,-0.5333336,0.08065687,0.3759461,-0.060023356,0.10492715,-0.06424336,-0.058219522,0.22726332,0.6657923
2026-06-05,-0.6632034,-0.14711507,0.0086342655,-0.04756191,-0.18281461,0.019977327,0.30533195,-0.008432396,-0.8956066,0.4977002,0.126382,-0.39824283,-0.4329597,0.42250198,0.2061236,0.022036776,0.24768743,-0.34681776,-0.16954292,-0.10502102,-0.23159958,-0.3738616,0.046561547,-0.53324306,0.08349201,0.3768639,-0.05599462,0.10605721,-0.06690563,-0.06057065,0.22398935,0.66498464
2026-06-08,-0.6628848,-0.14756647,0.0082281735,-0.048364904,-0.18171853,0.019562598,0.30547088,-0.008610085,-0.8962894,0.49738252,0.12744264,-0.39858982,-0.43235388,0.42241514,0.20692791,0.021963473,0.24825887,-0.34715825,-0.16828217,-0.10409384,-0.23157969,-0.3732745,0.0465331,-0.53293115,0.08276403,0.3764746,-0.055127356,0.105766475,-0.06665717,-0.060571775,0.22254683,0.66400015
2026-06-09,-0.66392225,-0.15654421,0.011241935,-0.05421004,-0.17841458,0.011441663,0.30526724,-0.004144989,-0.89123523,0.49621326,0.11973252,-0.39511737,-0.43888155,0.4128161,0.20095678,0.019946946,0.24749126,-0.34642553,-0.16911454,-0.102762215,-0.23158237,-0.37951556,0.046961576,-0.5302059,0.0766004,0.37597772,-0.061361175,0.10320166,-0.060526285,-0.054552868,0.22893165,0.6661752
2026-06-10,-0.6704156,-0.16040829,0.0097062215,-0.05853541,-0.18094395,0.008381359,0.30337763,-0.0046050847,-0.89804506,0.49717396,0.1171738,-0.39409292,-0.44059333,0.41234252,0.20336686,0.016028488,0.25023264,-0.3526113,-0.16740309,-0.09584012,-0.23101522,-0.3815128,0.04772855,-0.5306246,0.0767851,0.3782419,-0.057876404,0.10404304,-0.063144565,-0.05310326,0.22879942,0.6675338
2026-06-11,-0.66287655,-0.1600092,0.017138744,-0.056695003,-0.17633927,0.0060022175,0.30571175,0.0009063892,-0.88922846,0.500023,0.11364743,-0.39239934,-0.44585672,0.41123533,0.1934247,0.020624217,0.24578707,-0.34621254,-0.17155941,-0.10321992,-0.23415366,-0.3862474,0.046154067,-0.5304824,0.073530674,0.37530804,-0.06834732,0.101028204,-0.054552365,-0.04987855,0.23613982,0.66838264
2026-06-12,-0.6622965,-0.15983836,0.01541166,-0.057059918,-0.17652507,0.007025782,0.3054429,8.169562e-06,-0.8879233,0.49648696,0.11507881,-0.3926078,-0.4435533,0.4094885,0.1958939,0.020629948,0.24686494,-0.3459663,-0.17067118,-0.10283105,-0.23251042,-0.38320193,0.046143644,-0.52955323,0.0738315,0.3758876,-0.06591277,0.102231964,-0.055964764,-0.051355846,0.23389281,0.66729385
2026-06-15,-0.66225547,-0.15628257,0.014493113,-0.05316915,-0.177031,0.009876311,0.30621105,-0.0017520376,-0.8888578,0.49804348,0.11774392,-0.39501852,-0.44045952,0.41309237,0.19737506,0.02135762,0.2466617,-0.34484854,-0.17041354,-0.10508637,-0.23382194,-0.38135552,0.046724547,-0.5303231,0.075684264,0.3758002,-0.064588174,0.10283698,-0.057527814,-0.05287499,0.23234423,0.6673164
2026-06-16,-0.66377395,-0.15793946,0.014741538,-0.053908084,-0.1774253,0.008259535,0.30605695,-0.0011460297,-0.88980746,0.49949056,0.1151113,-0.39421153,-0.4424596,0.41180903,0.1957454,0.02119787,0.24710822,-0.34598705,-0.17000051,-0.10442912,-0.23383953,-0.38365147,0.047107123,-0.5308278,0.074610144,0.37682164,-0.065172344,0.10255849,-0.057900343,-0.05219134,0.23420696,0.6677524
2026-06-17,-0.663208,-0.1569875,0.015360411,-0.05424061,-0.17709707,0.008834906,0.30610713,-0.00095849484,-0.8874761,0.49795347,0.11526788,-0.39385974,-0.4428319,0.41103622,0.19584402,0.02035126,0.24566635,-0.3447793,-0.17245011,-0.10458455,-0.23366952,-0.3832661,0.04669793,-0.5294999,0.07571757,0.37562513,-0.06616607,0.102465495,-0.05572648,-0.051996477,0.23425822,0.668441
2026-06-18,-0.6649492,-0.1532765,0.011275142,-0.053485695,-0.18197331,0.0126301125,0.30475754,-0.004699126,-0.89436454,0.49743068,0.120111585,-0.39603412,-0.43740574,0.41552287,0.2021407,0.020523444,0.24806109,-0.3485839,-0.16919468,-0.101264365,-0.23268792,-0.37873554,0.047355376,-0.52999353,0.07901026,0.37677908,-0.058634352,0.104597956,-0.062236745,-0.056592587,0.22861286,0.66600025
2026-06-19,-0.66272736,-0.15885739,0.016284904,-0.056069437,-0.17595758,0.0075377896,0.30628774,0.0010555945,-0.8880095,0.49898946,0.114642195,-0.3926189,-0.44427672,0.41083845,0.193989,0.020184562,0.24543473,-0.34523195,-0.17208035,-0.10345447,-0.23384036,-0.38458157,0.046331324,-0.5285658,0.074976146,0.37564597,-0.06671694,0.101486355,-0.05434121,-0.05081348,0.23508047,0.6677093
2026-06-22,-0.6651694,-0.16303827,0.016123211,-0.058251094,-0.17576247,0.004023142,0.30534106,0.0012858696,-0.88982916,0.49971545,0.110958345,-0.3901331,-0.44737706,0.40847552,0.19320138,0.01908546,0.24742001,-0.34793165,-0.17070378,-0.10171698,-0.23275386,-0.38730344,0.04539982,-0.5309227,0.07192211,0.37692818,-0.06793328,0.1006061,-0.055469234,-0.048555605,0.2367704,0.67005324
2026-06-23,-0.66571116,-0.16835387,0.018149596,-0.062064048,-0.17296247,-0.0017680451,0.30440652,0.0052824914,-0.8903013,0.5020497,0.10783715,-0.38928455,-0.45170513,0.40533268,0.18961541,0.018740946,0.24734883,-0.3482425,-0.16999213,-0.10004105,-0.23367657,-0.3926036,0.045751438,-0.5308468,0.06869084,0.37644428,-0.07120353,0.09862761,-0.051823307,-0.04572677,0.24064885,0.67061925
2026-06-24,-0.6657847,-0.16772029,0.017561944,-0.062302675,-0.17388262,-0.0003033057,0.3047372,0.004171852,-0.8893302,0.4999476,0.10775813,-0.38919947,-0.45016524,0.4045836,0.19034684,0.018048862,0.24757333,-0.34850323,-0.16971447,-0.09962848,-0.23343131,-0.39126924,0.046403892,-0.5298884,0.06885521,0.37654603,-0.07009648,0.09949443,-0.05285966,-0.046271116,0.23969878,0.6697647
2026-06-25,-0.6631288,-0.16683303,0.018132228,-0.060533267,-0.1723528,0.0001145564,0.30547225,0.004201416,-0.8872473,0.50029594,0.10921249,-0.38963792,-0.4497411,0.40560612,0.18964832,0.020105844,0.24720699,-0.34611338,-0.16973926,-0.102376685,-0.2335857,-0.39047125,0.046017494,-0.53034776,0.067904204,0.37590754,-0.07168417,0.099099815,-0.052126672,-0.04627227,0.23959483,0.66949344
2026-06-26,-0.66811347,-0.16363521,0.013937661,-0.061012376,-0.17773512,0.0029274821,0.30421788,0.0009700991,-0.8956325,0.5005286,0.11146136,-0.39095068,-0.4485871,0.40874836,0.19554313,0.018049859,0.24834952,-0.3516647,-0.16853394,-0.097071595,-0.23237287,-0.3885795,0.04675302,-0.5314986,0.07189788,0.37684754,-0.065604806,0.10077499,-0.056845333,-0.05013655,0.23529045,0.6691514
2026-06-29,-0.66561013,-0.1671885,0.016455958,-0.0616885,-0.17418747,0.0012141578,0.30500084,0.0029912516,-0.8893383,0.49807322,0.109944835,-0.389588,-0.44834855,0.40513664,0.19326802,0.017436344,0.2476965,-0.3485863,-0.17000987,-0.099298894,-0.23215024,-0.38766214,0.045772396,-0.52920765,0.07091136,0.3763705,-0.06804635,0.099848986,-0.053529534,-0.047027647,0.23695068,0.6694235
2026-06-30,-0.6652433,-0.16086227,0.01589992,-0.057255637,-0.17717409,0.0063578635,0.30497152,-0.00013011694,-0.89074665,0.4995628,0.11235899,-0.39117548,-0.44550273,0.41101733,0.19462122,0.018966498,0.24790514,-0.34841216,-0.17084433,-0.101583354,-0.23242746,-0.3863866,0.04622549,-0.5311309,0.07393031,0.37707663,-0.0662083,0.10188973,-0.057248015,-0.050296746,0.23550294,0.6688276
2026-07-01,-0.667048,-0.16376056,0.015476091,-0.06013636,-0.17703784,0.0027645715,0.30406034,0.0014000908,-0.89317906,0.4996454,0.11178425,-0.39156762,-0.4482318,0.40868545,0.19435778,0.018302742,0.24792473,-0.3497606,-0.16970922,-0.09905008,-0.2333823,-0.38831615,0.046399258,-0.5314034,0.072419465,0.3774762,-0.06689134,0.101646796,-0.056377288,-0.047910973,0.23666622,0.6704236
2026-07-02,-0.6666928,-0.17027253,0.017680828,-0.064606935,-0.17273389,-0.0027397424,0.30501252,0.0062750615,-0.8903948,0.5004558,0.10705715,-0.3882408,-0.4517161,0.40316907,0.18970826,0.017312031,0.24752848,-0.34919915,-0.16898559,-0.097752586,-0.23333457,-0.39228794,0.046204224,-0.5283939,0.067510635,0.3765307,-0.07041471,0.09825097,-0.050820608,-0.045173015,0.24010257,0.66986716
2026-07-03,-0.66448814,-0.16480157,0.01902544,-0.059898455,-0.17402953,0.00065312535,0.30583945,0.0045596845,-0.88602245,0.49932426,0.10876458,-0.39091054,-0.4496188,0.40478364,0.18962896,0.019225836,0.24549174,-0.3454133,-0.17262553,-0.10261881,-0.23516147,-0.38985026,0.04652085,-0.5283089,0.07057388,0.37622368,-0.071531475,0.100266114,-0.050408337,-0.04590191,0.24080642,0.67097694
2026-07-06,-0.66410434,-0.16654344,0.019623492,-0.061790045,-0.17374347,-0.0014134645,0.3058248,0.0059931315,-0.8873977,0.4999584,0.10743385,-0.38921446,-0.45207974,0.40446788,0.18889146,0.019982848,0.24626097,-0.34702596,-0.17155682,-0.10079801,-0.23445965,-0.39087972,0.045861483,-0.5287712,0.06898175,0.37620163,-0.07211721,0.09962927,-0.04968657,-0.045631886,0.24135824,0.6704069
2026-07-07,-0.66750777,-0.16810167,0.015385622,-0.064006984,-0.174465,-0.001504831,0.30476135,0.0036332496,-0.8915948,0.49876118,0.10859929,-0.3902608,-0.45016965,0.40281287,0.19257146,0.017550318,0.2483277,-0.3499885,-0.16770749,-0.09695527,-0.23308085,-0.39078602,0.047502358,-0.52871853,0.06756638,0.37640446,-0.068320766,0.09959045,-0.05281299,-0.047205683,0.23773311,0.6692909
2026-07-08,-0.667159,-0.16406739,0.0139562525,-0.059807617,-0.17591551,0.0020910278,0.30451703,0.00081370026,-0.8932621,0.4995293,0.112178735,-0.39247817,-0.4469686,0.40740395,0.19588314,0.018515237,0.24856459,-0.34946597,-0.16780294,-0.09894703,-0.23326664,-0.38769567,0.047087118,-0.5311855,0.07072283,0.37634546,-0.06626515,0.10078476,-0.05601201,-0.049312174,0.2352529,0.6695707
2026-07-09,-0.66543645,-0.16843596,0.01768165,-0.063629806,-0.17279932,-0.003340669,0.3044457,0.00603674,-0.89029026,0.50100654,0.10751962,-0.38971174,-0.45283744,0.40313506,0.18912771,0.019743958,0.24795237,-0.34850544,-0.16847022,-0.09896582,-0.23393561,-0.3935997,0.046751093,-0.5302467,0.066447094,0.37654054,-0.07138169,0.09917925,-0.05104324,-0.045999464,0.2409481,0.6700737
2026-07-10,-0.6666143,-0.17222875,0.019166648,-0.06594783,-0.17215787,-0.006593883,0.30410442,0.007958028,-0.88943887,0.50041467,0.104482956,-0.38805485,-0.45431867,0.40064454,0.18775304,0.018048584,0.24833322,-0.34938917,-0.16862716,-0.09739335,-0.23435833,-0.39490613,0.046369907,-0.5289676,0.065020025,0.37699634,-0.07245363,0.098665714,-0.049213212,-0.04300308,0.24301289,0.6713787
2026-07-13,-0.6684325,-0.17300905,0.02126702,-0.06683841,-0.17353384,-0.007871345,0.30381915,0.008513954,-0.88982487,0.50208795,0.10208487,-0.38738248,-0.45660982,0.40101266,0.18632807,0.016714418,0.2472953,-0.3505476,-0.17124273,-0.09653893,-0.23544095,-0.3969454,0.045763426,-0.52861357,0.06576124,0.37729615,-0.07376684,0.09828776,-0.047447395,-0.040815085,0.2455274,0.6730304
2026-07-14,-0.6714458,-0.17716439,0.016280945,-0.072629526,-0.17353553,-0.00994575,0.30208242,0.0070625283,-0.89693683,0.5003104,0.1020298,-0.3856711,-0.45714465,0.3984848,0.19066976,0.014268901,0.25182456,-0.35694876,-0.16447063,-0.08842265,-0.23138292,-0.39755818,0.047111563,-0.5295163,0.06263538,0.37723428,-0.06900209,0.09775686,-0.051624153,-0.04330153,0.24055539,0.6701621
2026-07-15,-0.668596,-0.1683727,0.018230153,-0.06315108,-0.17372608,-0.0023583993,0.3052553,0.0047901087,-0.8904809,0.5015805,0.10508301,-0.38932928,-0.45361295,0.40322718,0.18924598,0.016483834,0.24714085,-0.35008657,-0.1706415,-0.098204635,-0.23469348,-0.39396402,0.046815142,-0.53004044,0.06810655,0.37685955,-0.07124944,0.09917362,-0.050496522,-0.04435971,0.24141304,0.67154485
2026-07-16,-0.66855747,-0.17317812,0.018326009,-0.06656696,-0.1733291,-0.0074718,0.30287072,0.0065628774,-0.89124846,0.5008704,0.103316545,-0.38844222,-0.4547213,0.40034887,0.18908286,0.016926624,0.24968717,-0.35142294,-0.16785835,-0.095796645,-0.23403214,-0.39587346,0.04683366,-0.5304734,0.0645521,0.37757015,-0.07155757,0.09909871,-0.050968956,-0.042722408,0.24309729,0.67208064
2026-07-17,-0.67204046,-0.17117219,0.01443875,-0.06745379,-0.1784919,-0.005579509,0.3018719,0.0042696744,-0.8979608,0.50036556,0.105184026,-0.38909197,-0.45256886,0.40234125,0.1939549,0.01588662,0.2514409,-0.35622442,-0.16558225,-0.090852246,-0.23301627,-0.3931482,0.04730262,-0.5302061,0.067077234,0.37915325,-0.0653957,0.100777835,-0.055794176,-0.045880463,0.23945944,0.6715761
2026-07-20,-0.66965425,-0.16899183,0.015110109,-0.065773115,-0.1771123,-0.003462188,0.30292523,0.0044919513,-0.8958423,0.49979728,0.10697959,-0.3888269,-0.45295313,0.4036935,0.19379728,0.017081464,0.24973446,-0.35378397,-0.16762172,-0.093189016,-0.23240538,-0.3915012,0.04641849,-0.5303603,0.06881623,0.37810087,-0.06678875,0.10057153,-0.05446348,-0.046689387,0.23870437,0.67104983
2026-07-21,-0.66656923,-0.16700663,0.01650043,-0.06307691,-0.1745529,-0.0020281002,0.30453658,0.0042470135,-0.89114136,0.5000659,0.10823247,-0.39060616,-0.45063725,0.40392435,0.19150989,0.01884811,0.24828833,-0.34916505,-0.16825058,-0.09792108,-0.23413596,-0.39167845,0.04759968,-0.52902704,0.067468286,0.37643844,-0.06928547,0.099911556,-0.052284975,-0.047006264,0.23925938,0.6697053
2026-07-22,-0.6672796,-0.17549762,0.019061677,-0.068893775,-0.17157383,-0.010638334,0.30411488,0.009959772,-0.8898477,0.50093025,0.10118815,-0.3866879,-0.45816812,0.39688334,0.18651389,0.017642638,0.2485358,-0.3511156,-0.16744418,-0.094343625,-0.2337587,-0.39731395,0.04710132,-0.5278819,0.062271684,0.37610635,-0.07380517,0.097244754,-0.046681616,-0.042305414,0.24448983,0.67139596
2026-07-23,-0.66532713,-0.17657405,0.02586485,-0.069799975,-0.16888754,-0.012791052,0.30556178,0.012128267,-0.88102853,0.49951065,0.09722972,-0.3865103,-0.46167144,0.3922888,0.17992531,0.017147323,0.24375159,-0.3459809,-0.17407356,-0.098979756,-0.2371886,-0.40085527,0.046855927,-0.5255777,0.0615997,0.37399,-0.08190097,0.09611815,-0.03894056,-0.03683074,0.25075996,0.67350423
2026-07-24,-0.6690976,-0.17718267,0.019489247,-0.07032262,-0.1718101,-0.01180879,0.30424076,0.010315232,-0.8907996,0.501558,0.098875456,-0.38558716,-0.45956603,0.39557552,0.18531762,0.016846465,0.24884452,-0.35239998,-0.16733576,-0.09373795,-0.23401268,-0.39911804,0.04707431,-0.52869266,0.061027095,0.3768925,-0.074677825,0.096753895,-0.04700285,-0.041405864,0.24595149,0.67227435
2026-07-27,-0.6714368,-0.17699619,0.019774955,-0.072798714,-0.17398857,-0.0112225115,0.30279326,0.008690059,-0.8945577,0.50143147,0.09991317,-0.38571197,-0.45975807,0.39752582,0.18734263,0.014853997,0.24894443,-0.35505164,-0.16848855,-0.09089912,-0.23372346,-0.39982378,0.04655913,-0.5292664,0.06282444,0.3766696,-0.0734794,0.09685475,-0.048063476,-0.04123023,0.2448196,0.67232245
2026-07-28,-0.6706316,-0.17592862,0.018686455,-0.07137528,-0.17447323,-0.01004564,0.3026999,0.0077070594,-0.89289117,0.49969625,0.10114298,-0.38644424,-0.45854142,0.3968873,0.1888858,0.015202463,0.24836051,-0.35374454,-0.1691577,-0.09169413,-0.23332952,-0.39728698,0.046431143,-0.5288748,0.06438218,0.3765372,-0.07257736,0.09774953,-0.04876812,-0.041687667,0.24386849,0.6725648
2026-07-29,-0.6717803,-0.17060265,0.018126735,-0.06760837,-0.17773794,-0.005244158,0.3024803,0.0048881955,-0.8950109,0.5004436,0.10404937,-0.38892528,-0.4543586,0.4022293,0.19100729,0.015214106,0.24899378,-0.35431978,-0.16988866,-0.09314003,-0.23461641,-0.39485174,0.046782322,-0.5299777,0.06853841,0.37864655,-0.06890628,0.10060355,-0.05286226,-0.043275636,0.242202,0.67275
2026-07-30,-0.6697912,-0.17238146,0.01794472,-0.06692439,-0.17580085,-0.0072390884,0.30314302,0.0069960505,-0.89349115,0.5012694,0.103460155,-0.38790864,-0.45547923,0.40139243,0.18995517,0.017286578,0.2493969,-0.35276332,-0.16871865,-0.094440416,-0.23370622,-0.3947883,0.046564832,-0.52986497,0.066313714,0.37841558,-0.07057394,0.09945066,-0.051616546,-0.043687735,0.24310075,0.67281324
2026-07-31,-0.67314905,-0.17699352,0.018394746,-0.07166174,-0.17463145,-0.010264091,0.3023649,0.007714294,-0.8962186,0.50078195,0.10087922,-0.38652742,-0.4576002,0.3989868,0.18969288,0.013544533,0.25090975,-0.35645807,-0.16711669,-0.08985768,-0.23352279,-0.39777732,0.0468043,-0.5296986,0.06451531,0.37867266,-0.07010114,0.098814115,-0.05084933,-0.04085357,0.24328263,0.6727338
2026-08-03,-0.66689324,-0.17537373,0.02305996,-0.06724562,-0.17042886,-0.009677306,0.3054057,0.010701474,-0.88512987,0.5015564,0.09866241,-0.3860721,-0.458922,0.39659306,0.1820276,0.016295765,0.24583271,-0.348426,-0.17178158,-0.09854239,-0.23600693,-0.39909828,0.046391625,-0.5271679,0.06321412,0.3760881,-0.07785976,0.09652938,-0.043733727,-0.038622826,0.24807583,0.67338383
2026-08-04,-0.67043376,-0.1758252,0.018597938,-0.07031515,-0.17176436,-0.011188254,0.30412415,0.009756383,-0.89132535,0.5013851,0.099437974,-0.38738686,-0.4600968,0.39478007,0.18499212,0.01542026,0.24781644,-0.35222492,-0.16774873,-0.09340684,-0.23536368,-0.40087417,0.04801529,-0.5281052,0.06124994,0.37648335,-0.0747834,0.09685913,-0.04611094,-0.04080823,0.24573447,0.6730462
2026-08-05,-0.6717243,-0.17767167,0.01956356,-0.07317403,-0.17401063,-0.012631722,0.30263478,0.00904911,-0.8922189,0.5000514,0.09827442,-0.38596407,-0.46021983,0.3941437,0.18657029,0.0144994855,0.2484065,-0.35401055,-0.16885768,-0.09087753,-0.23441093,-0.400234,0.047372587,-0.5277831,0.0619507,0.3767774,-0.07414594,0.09727639,-0.047112856,-0.040116753,0.24621575,0.67340493
2026-08-06,-0.6726249,-0.18288961,0.020918287,-0.07648511,-0.1720239,-0.016399205,0.3026229,0.012451615,-0.89191765,0.5004452,0.09480252,-0.3825614,-0.46398273,0.39126918,0.18431161,0.01300155,0.24875122,-0.35542378,-0.16916321,-0.08862828,-0.23336335,-0.402195,0.04598695,-0.52695847,0.060621485,0.37743658,-0.07550199,0.09584044,-0.04458981,-0.03727761,0.24849494,0.67435396
2026-08-07,-0.6741936,-0.177386,0.018109951,-0.072888,-0.17556854,-0.011061549,0.30169368,0.0074851513,-0.8977946,0.5017682,0.09967525,-0.38545483,-0.45934096,0.3987539,0.18965924,0.012895972,0.2505075,-0.3577565,-0.16753887,-0.0883099,-0.23319553,-0.39928988,0.046571255,-0.53023136,0.06414002,0.37803704,-0.070791006,0.09792514,-0.05081791,-0.040848836,0.24370809,0.67357117
2026-08-10,-0.67598873,-0.17649245,0.015225744,-0.071750924,-0.17720048,-0.010376357,0.3016267,0.0069057606,-0.90058005,0.5027357,0.09952003,-0.3859866,-0.4587275,0.39884466,0.19136232,0.012504527,0.25189465,-0.36020717,-0.165361,-0.086605124,-0.2329116,-0.39821035,0.046948105,-0.53081465,0.06463778,0.37975773,-0.06726588,0.098818496,-0.053298254,-0.042265136,0.24236108,0.673855
2026-08-11,-0.6716878,-0.17922089,0.018064415,-0.07175666,-0.1710897,-0.013521649,0.3030859,0.010058068,-0.89243716,0.50146085,0.098255016,-0.38585174,-0.4599764,0.39395258,0.18640421,0.014636703,0.25010234,-0.353843,-0.16619079,-0.091563545,-0.23389374,-0.40049437,0.047274105,-0.52882975,0.06016542,0.37765297,-0.07339379,0.0967526,-0.0474231,-0.040053315,0.24561195,0.6733771
2026-08-12,-0.6691955,-0.17910089,0.023067966,-0.07108031,-0.17015868,-0.013710551,0.30495757,0.012930017,-0.8857969,0.50147486,0.09596594,-0.38478196,-0.4620671,0.3928723,0.18098313,0.0155836325,0.24611047,-0.34932628,-0.17154755,-0.095955916,-0.2360115,-0.40166593,0.046681643,-0.52618045,0.06077917,0.37700665,-0.079007044,0.0960125,-0.04221911,-0.037005626,0.2506129,0.6746285
2026-08-13,-0.6676735,-0.17983848,0.023442611,-0.07170357,-0.17126161,-0.014774203,0.30395097,0.013955124,-0.8867223,0.50170475,0.09518985,-0.38310936,-0.4619337,0.39356565,0.18078381,0.016904864,0.2478616,-0.3509969,-0.17008324,-0.09464813,-0.23492317,-0.4011829,0.04578893,-0.52625203,0.060385212,0.3776309,-0.07774982,0.096207395,-0.04345156,-0.037690237,0.2506939,0.6738314
2026-08-14,-0.6736937,-0.18459015,0.020685378,-0.07788409,-0.1724359,-0.02012328,0.30125123,0.013501618,-0.89405286,0.50235516,0.09260641,-0.3835567,-0.46543482,0.38979524,0.18299048,0.0141396765,0.25081307,-0.35691056,-0.16629861,-0.08725376,-0.2346833,-0.40584603,0.047377557,-0.52810466,0.057032287,0.37863803,-0.075709864,0.096177846,-0.045290563,-0.03687328,0.25082853,0.6746658
2026-08-17,-0.6732901,-0.18810096,0.024579007,-0.080006465,-0.16923366,-0.022416562,0.30214438,0.01713211,-0.8919105,0.5042435,0.08926299,-0.38077036,-0.46872404,0.3884453,0.17719111,0.012568807,0.24925199,-0.3561845,-0.16809766,-0.087975316,-0.23603284,-0.41010347,0.046225112,-0.5268237,0.055552006,0.37823266,-0.0798953,0.093713716,-0.040957596,-0.032532565,0.25459516,0.67552596
2026-08-18,-0.6762112,-0.18314904,0.018270893,-0.07872641,-0.17442301,-0.016146615,0.30088937,0.010614183,-0.8979125,0.5010179,0.09557148,-0.38366285,-0.46274605,0.3922399,0.18659227,0.011047136,0.25126305,-0.35967577,-0.16598572,-0.084333256,-0.23311473,-0.40348467,0.04744184,-0.52746093,0.060450837,0.37906715,-0.071203694,0.096888304,-0.048602533,-0.03819131,0.24636678,0.6732802
2026-08-19,-0.67312884,-0.1829872,0.019442733,-0.07676765,-0.17262727,-0.018220402,0.30104527,0.012170613,-0.89477605,0.5020228,0.09575016,-0.3847599,-0.46301934,0.39166307,0.1847563,0.01456899,0.25065365,-0.35585985,-0.16574146,-0.08799944,-0.23459382,-0.40419364,0.04756648,-0.52806926,0.058006257,0.37822795,-0.07446776,0.09643653,-0.046727303,-0.037914738,0.24878217,0.6739079
2026-08-20,-0.67161626,-0.18254352,0.021459714,-0.07487638,-0.16927974,-0.017688587,0.30363646,0.013346877,-0.89072156,0.50310373,0.09394262,-0.38423234,-0.46466008,0.39063454,0.18100733,0.014635157,0.24854577,-0.35305688,-0.16759245,-0.09176274,-0.23560928,-0.40589747,0.047665723,-0.5278972,0.056879982,0.3765664,-0.07884139,0.094491005,-0.042931963,-0.03708251,0.2504851,0.67448443
2026-08-21,-0.6739109,-0.18252128,0.017657531,-0.076954216,-0.17388836,-0.017239511,0.30072615,0.010923721,-0.89666176,0.5005829,0.0964344,-0.38442665,-0.46219853,0.3919989,0.1877889,0.013686387,0.25184336,-0.3580859,-0.16474156,-0.085995,-0.23285477,-0.40208304,0.0472223,-0.52859366,0.059071526,0.37810892,-0.072079465,0.096842214,-0.04838771,-0.039657768,0.24619292,0.6736365
2026-08-24,-0.6760278,-0.18178192,0.019244399,-0.0761753,-0.17609333,-0.01598031,0.30082986,0.009772763,-0.8962412,0.5008564,0.09435405,-0.38378876,-0.46390054,0.39315155,0.1872961,0.011678267,0.25045663,-0.3589407,-0.16825052,-0.085893914,-0.23312913,-0.40243244,0.047055364,-0.528913,0.06196204,0.3789146,-0.07297188,0.09785846,-0.04856724,-0.037836596,0.24777724,0.67570454
2026-08-25,-0.6744116,-0.18598479,0.01961559,-0.0791243,-0.17144172,-0.021017864,0.30103323,0.014445104,-0.89691055,0.5035747,0.09349822,-0.383043,-0.46569058,0.39095324,0.18325867,0.0130873155,0.2517249,-0.35852963,-0.1640671,-0.0848172,-0.23418815,-0.4068384,0.047698848,-0.52732843,0.056135222,0.37836882,-0.07453191,0.09524587,-0.045024075,-0.036659338,0.24929444,0.6738842
2026-08-26,-0.67272544,-0.18413253,0.022575818,-0.0766194,-0.17111473,-0.018647797,0.30276787,0.013598867,-0.8906422,0.50176245,0.09231891,-0.38299,-0.46562794,0.38949457,0.18130174,0.0127964,0.24847089,-0.35516638,-0.16894974,-0.089422375,-0.2352419,-0.40520462,0.04645653,-0.52689147,0.05838789,0.37743044,-0.07778923,0.09517409,-0.042548303,-0.034841686,0.2511319,0.6754555
2026-08-27,-0.6728316,-0.18430947,0.023553964,-0.077588275,-0.16963384,-0.020536862,0.30310422,0.015167948,-0.8899246,0.5025313,0.090674885,-0.38321018,-0.46882585,0.38782224,0.17885555,0.012800097,0.24704275,-0.3542616,-0.16950192,-0.08942244,-0.23662037,-0.4087275,0.047666766,-0.5269479,0.056647822,0.37598965,-0.08119033,0.09449716,-0.03948678,-0.0339444,0.25331217,0.6762274
2026-08-28,-0.6725727,-0.18459019,0.022738118,-0.078749284,-0.17093186,-0.02014269,0.30196223,0.014409833,-0.8910258,0.50155914,0.09153538,-0.38223365,-0.46632764,0.3881238,0.18013197,0.013600361,0.2495305,-0.35554698,-0.16793756,-0.0885268,-0.23547114,-0.4071484,0.04661593,-0.5269127,0.056233987,0.37801704,-0.07801901,0.09541528,-0.04277071,-0.03477542,0.25219998,0.67517316
2026-08-31,-0.674087,-0.18473968,0.022826727,-0.07836649,-0.1717848,-0.020197213,0.302536,0.014365256,-0.8926619,0.50248593,0.091459066,-0.38323438,-0.46789858,0.3892932,0.18075639,0.012707852,0.24828547,-0.3563267,-0.1687562,-0.08758427,-0.2357669,-0.4073664,0.04761675,-0.5267972,0.057663128,0.37732917,-0.07851568,0.09532218,-0.041724287,-0.034670427,0.25211567,0.67526984
2026-09-01,-0.6712374,-0.18087186,0.022159379,-0.07367487,-0.17103949,-0.016749136,0.3032763,0.014318347,-0.88919884,0.5035872,0.09286207,-0.3837471,-0.46442273,0.3910106,0.17930521,0.014954736,0.2483059,-0.35302332,-0.16896082,-0.09269799,-0.23645319,-0.40571514,0.04680841,-0.52722377,0.057929933,0.37890708,-0.07791786,0.0958966,-0.043311078,-0.036240637,0.25240403,0.6757148
2026-09-02,-0.67362744,-0.18283236,0.021054704,-0.076025546,-0.17252687,-0.018144026,0.3017367,0.01269827,-0.89328897,0.50241166,0.09278002,-0.38359636,-0.46455243,0.3909812,0.18238088,0.013412453,0.25069457,-0.35669574,-0.16687785,-0.08896336,-0.23517053,-0.40566343,0.04704032,-0.52873117,0.057767212,0.3789844,-0.07596703,0.09642017,-0.045816682,-0.0361799,0.25061077,0.67571914
2026-09-03,-0.67329246,-0.18624024,0.021518592,-0.0784775,-0.17068405,-0.021092989,0.3016689,0.014758803,-0.8939248,0.5032121,0.092029594,-0.38191614,-0.46742085,0.39009932,0.18165436,0.013901688,0.25028306,-0.35639316,-0.1664155,-0.087545834,-0.23424916,-0.40711656,0.046761088,-0.5287707,0.05604729,0.3779574,-0.07818228,0.09486285,-0.044092815,-0.03545931,0.251658,0.67549944
2026-09-04,-0.6774571,-0.1837345,0.018123588,-0.07924709,-0.17530185,-0.019042902,0.30045587,0.011847705,-0.89943165,0.5022631,0.093289055,-0.383284,-0.46561256,0.39121786,0.18677343,0.011495497,0.25140154,-0.36098397,-0.16590555,-0.0826854,-0.23356561,-0.40495157,0.047694825,-0.5285175,0.059650928,0.37863773,-0.07247563,0.09666033,-0.047578026,-0.03835638,0.24815933,0.6753429
2026-09-07,-0.675097,-0.18827702,0.0238803,-0.083454505,-0.17138633,-0.023835234,0.3013723,0.01632166,-0.89331955,0.5016295,0.087804645,-0.3809671,-0.47173527,0.38507295,0.17892954,0.011559673,0.2487537,-0.35828534,-0.1684794,-0.084502816,-0.23493747,-0.41120663,0.04783336,-0.5268517,0.055213854,0.37682986,-0.0807012,0.09417854,-0.04034339,-0.03370949,0.25439322,0.6756206
2026-09-08,-0.676489,-0.19295843,0.021921653,-0.0869789,-0.16978818,-0.028368108,0.3000847,0.01661789,-0.89635545,0.50137764,0.08803174,-0.38054046,-0.47234836,0.38303092,0.18150476,0.010478441,0.25143415,-0.36112025,-0.16468967,-0.07940965,-0.23376465,-0.41122928,0.047767155,-0.5260245,0.05240488,0.37651092,-0.07807614,0.09349646,-0.039971262,-0.032453537,0.25229278,0.67475206
2026-09-09,-0.6741308,-0.18807557,0.023616988,-0.08107042,-0.17007826,-0.024499878,0.30156857,0.016555302,-0.8910721,0.50299,0.087138124,-0.38160145,-0.4709973,0.38442385,0.17774542,0.0129690785,0.24941981,-0.35642835,-0.16783802,-0.087058574,-0.23577085,-0.41153792,0.04765464,-0.5271874,0.053539783,0.3777139,-0.08101812,0.094157234,-0.040275898,-0.03323707,0.25568497,0.6762792
2026-09-10,-0.6725526,-0.18942511,0.024888262,-0.08255407,-0.16883764,-0.02438277,0.30259365,0.018434573,-0.8906313,0.5031413,0.08665635,-0.378852,-0.47200343,0.38498506,0.17608699,0.012549333,0.24853711,-0.35693043,-0.16822018,-0.085873574,-0.23459584,-0.41124213,0.046664514,-0.5252444,0.05376248,0.3767302,-0.0814877,0.092596754,-0.038216475,-0.0331174,0.25503224,0.6745889
2026-09-11,-0.67547214,-0.18964177,0.021890074,-0.082989305,-0.17105149,-0.025450774,0.30057612,0.016282152,-0.8940252,0.501449,0.08878343,-0.38212427,-0.47023037,0.38439506,0.18043055,0.011951786,0.25046745,-0.3584266,-0.16590501,-0.08386199,-0.23536736,-0.41015518,0.04791265,-0.5269174,0.053735062,0.37803495,-0.07864724,0.09493251,-0.04169271,-0.032963686,0.25374165,0.6762718
2026-09-14,-0.6732912,-0.19372945,0.02710263,-0.08425647,-0.16686058,-0.030066125,0.30155885,0.02106332,-0.88840985,0.5040746,0.0828927,-0.37883645,-0.4764792,0.38095194,0.17270273,0.012405336,0.24787992,-0.35552981,-0.1691341,-0.086540185,-0.23651798,-0.41594502,0.0468596,-0.52632105,0.050575092,0.37653214,-0.086594224,0.09182148,-0.034907,-0.028540596,0.26042962,0.67804444
2026-09-15,-0.67004657,-0.18875062,0.02769031,-0.08029446,-0.16490136,-0.025350012,0.3036651,0.019362994,-0.88320774,0.50244486,0.086618,-0.38174573,-0.4729716,0.38228613,0.17222773,0.013744518,0.24561286,-0.35033795,-0.1711009,-0.091871016,-0.2378925,-0.4133755,0.04784409,-0.5250111,0.052061573,0.3754996,-0.087449685,0.09280904,-0.03366697,-0.029661715,0.25886327,0.67659295
2026-09-16,-0.67192835,-0.19117126,0.025836248,-0.08231141,-0.1660888,-0.027924538,0.30215928,0.019871809,-0.88709015,0.50383604,0.08547972,-0.3805396,-0.47352102,0.38205633,0.1741188,0.013266787,0.24778168,-0.35359517,-0.16849335,-0.08765399,-0.23670548,-0.4138342,0.047808908,-0.52498823,0.051093623,0.3761443,-0.08469021,0.09255685,-0.0351736,-0.030379869,0.25835454,0.6761884
2026-09-17,-0.6706621,-0.19048603,0.027396936,-0.08175106,-0.1657425,-0.026179679,0.3035875,0.020386491,-0.88551575,0.5029273,0.086526155,-0.37980068,-0.47302458,0.3834051,0.1732734,0.0133864675,0.2466059,-0.35257092,-0.17020066,-0.089285105,-0.23652175,-0.41230413,0.046873726,-0.52405196,0.052395165,0.37581265,-0.08565338,0.0922209,-0.033915613,-0.03005457,0.2579304,0.6758495
2026-09-18,-0.6705406,-0.18716007,0.027171765,-0.0782928,-0.16856053,-0.02428738,0.3037946,0.01948909,-0.8849134,0.5034612,0.08535881,-0.38079858,-0.4717668,0.3842399,0.17287003,0.015112445,0.24699134,-0.3523315,-0.17043515,-0.09220023,-0.23726673,-0.4117936,0.047420748,-0.5257027,0.052919045,0.37733385,-0.08560777,0.09358637,-0.03635103,-0.0320654,0.25925562,0.677141
2026-09-21,-0.67292356,-0.19918546,0.02887712,-0.08866803,-0.16421883,-0.034272313,0.30177873,0.024401248,-0.8877126,0.5044008,0.07984399,-0.37574768,-0.47851506,0.37817314,0.17020532,0.011551943,0.2489613,-0.3567002,-0.1677538,-0.08362784,-0.23557547,-0.4180274,0.046631,-0.5235178,0.04733306,0.3763342,-0.0873321,0.08988026,-0.031797003,-0.026683167,0.26176956,0.6761357
2026-09-22,-0.67044103,-0.19279356,0.030261643,-0.08333588,-0.16461553,-0.029643238,0.3034604,0.023213625,-0.881967,0.50325054,0.08225797,-0.37904432,-0.4753658,0.37912226,0.16835192,0.013576971,0.24565037,-0.35096744,-0.17167087,-0.090795,-0.23866764,-0.41625395,0.047281668,-0.52323276,0.05000125,0.37611383,-0.089702606,0.09151347,-0.031069033,-0.027328834,0.26315466,0.6777597
2026-09-23,-0.6720428,-0.19246972,0.028769128,-0.082971945,-0.16598377,-0.029710352,0.30298772,0.022226617,-0.88366926,0.50318366,0.08171136,-0.37912306,-0.47513464,0.37946448,0.17078501,0.012868067,0.2468628,-0.3525566,-0.17092125,-0.08914128,-0.23799388,-0.4153679,0.047630772,-0.52354366,0.050374135,0.37660465,-0.08785066,0.092192814,-0.032404415,-0.028271787,0.26222187,0.6782332
2026-09-24,-0.67326117,-0.19488251,0.026592102,-0.08421084,-0.16654098,-0.030695587,0.30180967,0.02142736,-0.888049,0.5039581,0.08349167,-0.37885028,-0.47617748,0.3807234,0.17315885,0.012729621,0.24797156,-0.3547943,-0.1689698,-0.087118074,-0.23613805,-0.4150241,0.046964556,-0.52609575,0.049991444,0.37691945,-0.08698717,0.09150922,-0.035044733,-0.028310955,0.26038852,0.6787722
2026-09-25,-0.6727677,-0.1968697,0.028425869,-0.085833415,-0.16462097,-0.03286752,0.30197096,0.02314797,-0.88579607,0.504087,0.08126313,-0.37796715,-0.47858956,0.37812257,0.1703049,0.0123213045,0.24690431,-0.3537254,-0.16996963,-0.08736763,-0.23674572,-0.41765052,0.047049314,-0.52527153,0.04841897,0.37608683,-0.08987714,0.090401575,-0.032082666,-0.026355311,0.26272517,0.67906135
2026-09-28,-0.6718379,-0.19688933,0.029302295,-0.08552709,-0.1634673,-0.032938838,0.3026555,0.023880735,-0.883862,0.5041671,0.08073622,-0.37774318,-0.47875258,0.37741992,0.16868415,0.012685301,0.24627116,-0.35237968,-0.17045297,-0.08868672,-0.23721561,-0.41819885,0.047075406,-0.52456343,0.047719404,0.37581003,-0.091125205,0.08996183,-0.03070733,-0.025896445,0.26358303,0.6788466
2026-09-29,-0.6716915,-0.19405131,0.027320847,-0.083221555,-0.16568567,-0.029745571,0.30269265,0.022172123,-0.8856584,0.504076,0.083329685,-0.37842277,-0.47488168,0.38064945,0.17131071,0.013597868,0.24768764,-0.35313696,-0.16914748,-0.08902622,-0.23651506,-0.41483027,0.046990324,-0.52471316,0.049515724,0.37719208,-0.08724424,0.091374606,-0.03440265,-0.028646342,0.26095545,0.6778814
2026-09-30,-0.6700635,-0.19299951,0.0280319,-0.08195777,-0.16464683,-0.029067129,0.30338597,0.022639535,-0.8833088,0.5039631,0.083867654,-0.37888107,-0.47439733,0.38070118,0.17029335,0.014535844,0.24679941,-0.35107267,-0.1699708,-0.091095395,-0.23702168,-0.4144235,0.04698778,-0.52412754,0.049548388,0.37678924,-0.08826493,0.0913222,-0.033141274,-0.028754644,0.26137862,0.67756057
2026-10-01,-0.6683275,-0.19208786,0.028797135,-0.0807004,-0.16353913,-0.028376907,0.3041497,0.023177322,-0.8807485,0.50384927,0.084237486,-0.37906852,-0.4738523,0.38073158,0.16917402,0.015445858,0.24592909,-0.348972,-0.17084284,-0.09318982,-0.23741455,-0.41393268,0.046939194,-0.52340317,0.049541727,0.37636074,-0.0893264,0.091175914,-0.03185158,-0.028872386,0.26184127,0.6772172
2026-10-02,-0.6680106,-0.19212572,0.028899226,-0.0805815,-0.1631675,-0.028477773,0.30429098,0.023381732,-0.8802017,0.50385046,0.08419854,-0.3790661,-0.47390303,0.3805462,0.16893831,0.015585555,0.24576111,-0.34852993,-0.17095576,-0.09350224,-0.23747477,-0.41395038,0.04699406,-0.52322084,0.049346223,0.37620115,-0.08965926,0.09105918,-0.031442482,-0.02882877,0.2620011,0.6771986
2026-10-05,-0.6669586,-0.19183967,0.029426329,-0.07987057,-0.16213253,-0.028346017,0.3048397,0.023876105,-0.8783179,0.50380796,0.08414796,-0.37918285,-0.47397014,0.38009217,0.16789806,0.016070502,0.24503669,-0.34700638,-0.17151691,-0.0949548,-0.23784097,-0.41404706,0.047017932,-0.5227947,0.0489797,0.3758158,-0.09080042,0.090779856,-0.030260466,-0.028580837,0.26257342,0.6771559
2026-10-06,-0.6672667,-0.19049855,0.027859356,-0.07884687,-0.16359305,-0.026788518,0.30462962,0.022775002,-0.8799486,0.5037565,0.085624635,-0.37963498,-0.4719825,0.38181028,0.16992271,0.016320052,0.24599703,-0.34789938,-0.17055155,-0.094525,-0.23726004,-0.41212362,0.047087513,-0.5230245,0.04999526,0.37656775,-0.08831704,0.09157622,-0.03256575,-0.030217558,0.26084584,0.67675847
2026-10-07,-0.6662587,-0.18883716,0.027407214,-0.07710028,-0.16352563,-0.025256999,0.30513117,0.022399515,-0.878975,0.5036418,0.08690798,-0.38037807,-0.47047737,0.38270956,0.17017277,0.017145634,0.24575287,-0.34665757,-0.17056932,-0.09612621,-0.23743996,-0.41084322,0.047163896,-0.5227892,0.050459325,0.3766917,-0.087823585,0.09194951,-0.032919947,-0.031118944,0.2601985,0.6763697
2026-10-08,-0.6665971,-0.18822142,0.026414502,-0.07663308,-0.16430245,-0.024615332,0.30492094,0.021773823,-0.87998325,0.5035803,0.08772139,-0.3807587,-0.4696103,0.38347304,0.17144527,0.017189538,0.24624282,-0.34717512,-0.17003341,-0.095750004,-0.23714586,-0.40988734,0.04725844,-0.5230293,0.05095586,0.3770432,-0.086553395,0.092386544,-0.03410851,-0.031907104,0.25927383,0.6763399
2026-10-09,-0.6675319,-0.18649358,0.02415669,-0.07562499,-0.16681676,-0.022669412,0.30426407,0.020116903,-0.88302696,0.5035544,0.08962868,-0.3813654,-0.46700856,0.38589072,0.1744847,0.017341835,0.24787322,-0.34906492,-0.16850443,-0.09454423,-0.23632805,-0.4074844,0.04731489,-0.5236252,0.0524531,0.37833893,-0.08276057,0.093671724,-0.037781723,-0.03409037,0.25690907,0.67592144
2026-10-12,-0.6658225,-0.18439178,0.024093162,-0.07332805,-0.16619597,-0.020980842,0.30506635,0.019957233,-0.88088405,0.50335145,0.09109439,-0.38239548,-0.46562055,0.38659787,0.17414556,0.01860701,0.24704476,-0.3467482,-0.16901948,-0.097204044,-0.23685311,-0.4062522,0.047344603,-0.5232871,0.052812755,0.37819248,-0.08309044,0.093969926,-0.037371885,-0.034797736,0.25664145,0.67558867
2026-10-13,-0.66328925,-0.18044506,0.02333546,-0.06916307,-0.16637878,-0.017291449,0.3061291,0.019029249,-0.8784689,0.50303864,0.093939565,-0.38377666,-0.46195385,0.3890031,0.17470607,0.02073524,0.2465887,-0.34388384,-0.1693116,-0.10107683,-0.23715359,-0.403028,0.047258295,-0.5228739,0.054152265,0.37862113,-0.081944,0.09496319,-0.03853887,-0.036921248,0.25533178,0.67475766
2026-10-14,-0.66014594,-0.17942733,0.025399845,-0.06749588,-0.1638473,-0.017025746,0.30755043,0.02050478,-0.87343955,0.5028166,0.09409169,-0.38422263,-0.4621434,0.38820484,0.17188717,0.022362646,0.24454021,-0.33981603,-0.17117219,-0.10486609,-0.2382494,-0.40316394,0.04722605,-0.52151465,0.053534433,0.37745303,-0.08504599,0.09437446,-0.034998402,-0.036304697,0.2569278,0.67431426
2026-10-15,-0.6561808,-0.17564249,0.025865074,-0.06291534,-0.16244449,-0.013666771,0.30934262,0.020513881,-0.8684761,0.502474,0.09648454,-0.38541073,-0.45899603,0.38981062,0.17066753,0.02509534,0.24310523,-0.33506954,-0.17232387,-0.11044273,-0.23905326,-0.40044945,0.04704415,-0.5204807,0.05416271,0.37722433,-0.085831985,0.0947811,-0.034194548,-0.03773094,0.25670514,0.67334354
2026-10-16,-0.6528895,-0.17398787,0.027421199,-0.060543206,-0.16023259,-0.012499474,0.3108337,0.02146639,-0.86351043,0.5021179,0.09721822,-0.3859063,-0.45820197,0.38967645,0.16848676,0.026855532,0.2412835,-0.33093852,-0.17404099,-0.11456664,-0.23989768,-0.39965796,0.046947137,-0.5192344,0.054006234,0.3762449,-0.08821431,0.09442812,-0.031529237,-0.037736207,0.25765777,0.67276603
2026-10-19,-0.64999664,-0.17313507,0.02906559,-0.058872443,-0.15787184,-0.011994921,0.3121751,0.022715852,-0.8588506,0.5019456,0.097284116,-0.3859706,-0.45806047,0.3890528,0.16602351,0.02824846,0.23958474,-0.32726875,-0.17565845,-0.118113056,-0.24065842,-0.39950812,0.046823643,-0.5180715,0.05345489,0.375287,-0.09085043,0.09381467,-0.028688189,-0.037358724,0.2589712,0.6723933
2026-10-20,-0.64740247,-0.1736356,0.03153355,-0.058382127,-0.15468994,-0.012969919,0.3134495,0.02479206,-0.85361546,0.5018264,0.09607053,-0.385574,-0.45949933,0.3870064,0.16238643,0.029157577,0.23749605,-0.3235158,-0.17765354,-0.12123615,-0.2416989,-0.40089074,0.04671549,-0.516685,0.05204527,0.37399065,-0.094869405,0.09269267,-0.024413679,-0.03576103,0.26145735,0.67242086
2026-10-21,-0.64776826,-0.17258865,0.030188497,-0.057822008,-0.15635006,-0.01177045,0.3131775,0.023946702,-0.85549116,0.50185275,0.097169675,-0.38561606,-0.45747557,0.38870832,0.16429108,0.02943959,0.2388311,-0.32489118,-0.17649893,-0.120285764,-0.24103537,-0.39902976,0.046740815,-0.51662177,0.052910194,0.37490588,-0.09208341,0.09348823,-0.026752394,-0.037449703,0.25985432,0.6718133
2026-10-22,-0.6478965,-0.1706205,0.028201912,-0.05633006,-0.15799834,-0.009725586,0.31294322,0.022548735,-0.85722595,0.50173825,0.09922369,-0.38644284,-0.45487353,0.39074785,0.16667853,0.029981347,0.23995739,-0.32565188,-0.17523076,-0.12009353,-0.2404793,-0.39667356,0.04688461,-0.5168908,0.05403982,0.37582296,-0.08905795,0.09453584,-0.029545218,-0.039510917,0.25772008,0.67119724
2026-10-23,-0.648638,-0.16823715,0.02545606,-0.054915275,-0.16086914,-0.0072041005,0.3122654,0.020530574,-0.86065334,0.5016485,0.101789534,-0.38726974,-0.4513587,0.39377484,0.17035653,0.030452173,0.24199146,-0.32768708,-0.17324041,-0.118841894,-0.23950711,-0.3935211,0.047006033,-0.517418,0.055788428,0.37728947,-0.08433333,0.09609884,-0.03394704,-0.042429734,0.25465545,0.6703435
2026-10-26,-0.649101,-0.16719165,0.023786772,-0.054252256,-0.16208185,-0.006149523,0.3118722,0.019505192,-0.86245203,0.5015434,0.10319251,-0.38792276,-0.44992402,0.39499694,0.17237385,0.030598648,0.24290067,-0.32863012,-0.17213242,-0.11815648,-0.23902847,-0.39206523,0.047155984,-0.5178929,0.056473777,0.37787175,-0.08217014,0.09679915,-0.03600093,-0.043781776,0.2530445,0.67010486
2026-10-27,-0.6495333,-0.16649687,0.022365686,-0.053784568,-0.16306531,-0.0054553375,0.3115152,0.018743236,-0.86397624,0.5015022,0.10418753,-0.3883489,-0.44886574,0.39589623,0.174015,0.030692926,0.24372,-0.3295001,-0.17114915,-0.117496796,-0.23860018,-0.3909364,0.047259703,-0.51831645,0.0568904,0.37838823,-0.080423504,0.09732868,-0.03767998,-0.044838026,0.25179797,0.67000645
2026-10-28,-0.65216655,-0.16670786,0.019810058,-0.054839965,-0.16585639,-0.0053629577,0.31014735,0.017336987,-0.8689968,0.50163937,0.1048095,-0.38839203,-0.44801572,0.39720088,0.17743762,0.029657818,0.24592638,-0.33332387,-0.1690192,-0.113907926,-0.23748484,-0.38989222,0.047438547,-0.51943713,0.057702616,0.37970656,-0.07667227,0.098269105,-0.041397173,-0.046218954,0.24971987,0.6702365
2026-10-29,-0.65468174,-0.16812713,0.018631924,-0.056920003,-0.16726518,-0.0066221505,0.30902058,0.016988568,-0.87259674,0.5018888,0.10407577,-0.38807502,-0.44921187,0.39686286,0.17888787,0.028218608,0.2470483,-0.33630216,-0.16788067,-0.11065827,-0.23695932,-0.39083257,0.04764663,-0.52028304,0.05761911,0.38033187,-0.075299144,0.09844695,-0.042857647,-0.046010494,0.24927662,0.67091054
2026-10-30,-0.65813017,-0.17013822,0.017277643,-0.05977953,-0.16943486,-0.008424118,0.30744708,0.016550988,-0.87754357,0.50228375,0.1028732,-0.38745624,-0.45066205,0.39657763,0.18080379,0.02631209,0.24876401,-0.3405575,-0.16633232,-0.10613496,-0.23624714,-0.39203468,0.04784061,-0.5213137,0.05757925,0.38132787,-0.07325694,0.09876688,-0.0449665,-0.04569605,0.24879472,0.6717773
2026-11-02,-0.6593248,-0.16975054,0.015754774,-0.06013329,-0.1710058,-0.00795231,0.30681053,0.015764162,-0.88023424,0.5024427,0.10348073,-0.38757062,-0.4495112,0.39751852,0.18254903,0.026001476,0.2501908,-0.34258953,-0.16482438,-0.10432534,-0.23573495,-0.39127386,0.048010096,-0.52158886,0.057959214,0.3822919,-0.07061757,0.09942922,-0.04725175,-0.046848416,0.24742483,0.67141676
2026-11-03,-0.66044074,-0.16822705,0.013291685,-0.059537355,-0.17349176,-0.006318547,0.30598044,0.014158707,-0.8836833,0.50244445,0.10524121,-0.38814855,-0.4470801,0.39969915,0.18570757,0.025993984,0.2520498,-0.34487018,-0.16293354,-0.102562964,-0.23487835,-0.389105,0.04818484,-0.5222159,0.059212893,0.38356572,-0.06663121,0.10067651,-0.050992806,-0.049073897,0.24494447,0.67089176
2026-11-04,-0.66206014,-0.16630033,0.010325672,-0.05892965,-0.17686684,-0.0043455586,0.30475724,0.012061425,-0.8882759,0.5024645,0.10736737,-0.38889632,-0.44417062,0.40254572,0.18978146,0.025893759,0.2544133,-0.34794772,-0.16071598,-0.10016814,-0.2338485,-0.3865052,0.048352107,-0.5232102,0.06098047,0.38521487,-0.061634693,0.10235274,-0.055817362,-0.051780142,0.24195062,0.67039233
2026-11-05,-0.6620935,-0.16508682,0.008972749,-0.058133002,-0.17777596,-0.0034043416,0.30443376,0.011283226,-0.889382,0.50228846,0.10874451,-0.3897074,-0.44284752,0.40350127,0.19135658,0.026306598,0.25507492,-0.34835538,-0.15979357,-0.09994446,-0.23363768,-0.3852203,0.048482966,-0.5235452,0.06146884,0.38569093,-0.05990464,0.103052676,-0.05735496,-0.052932255,0.24067678,0.670123
2026-11-06,-0.66213053,-0.16236973,0.0066487715,-0.056261692,-0.1801485,-0.0007816702,0.30388665,0.0095506795,-0.8916421,0.5021589,0.11122962,-0.39063984,-0.4394149,0.40632525,0.19442104,0.027072333,0.25667208,-0.34950083,-0.15826862,-0.09961752,-0.23299718,-0.38215646,0.048513412,-0.5240918,0.06313169,0.38697833,-0.055938,0.10457255,-0.061170224,-0.055612512,0.23810567,0.6693953
2026-11-09,-0.6601364,-0.16074137,0.0064187497,-0.054257233,-0.17940319,0.0005367473,0.30447248,0.009505827,-0.8895278,0.5018364,0.11260621,-0.39140844,-0.43799296,0.4068336,0.19430539,0.028400492,0.25622946,-0.347442,-0.15841423,-0.10190616,-0.23319831,-0.38073966,0.04850311,-0.5237838,0.06323367,0.38676456,-0.056060623,0.10478908,-0.060908172,-0.05641047,0.23769192,0.6689059
2026-11-10,-0.6569282,-0.16111791,0.009205043,-0.053535845,-0.1757947,-0.0004198365,0.3061244,0.011907171,-0.8836418,0.50175494,0.111582085,-0.39120546,-0.43963078,0.40466234,0.1900965,0.029715199,0.25373885,-0.34309304,-0.16059084,-0.10566388,-0.23442635,-0.38222364,0.0484552,-0.52209866,0.06157534,0.385207,-0.06062932,0.10345055,-0.05586006,-0.054720797,0.24037881,0.66872716
2026-11-11,-0.6566685,-0.15933612,0.0073214807,-0.051951747,-0.17756349,0.0013397373,0.3057341,0.01084866,-0.88511163,0.50170875,0.11324652,-0.39156854,-0.4367886,0.40679103,0.19246508,0.030553032,0.25534558,-0.34400153,-0.15916337,-0.105519384,-0.23373766,-0.37951735,0.048368372,-0.52245736,0.06250791,0.38642514,-0.057446595,0.104590386,-0.05891451,-0.056878895,0.23851614,0.6682561
2026-11-12,-0.6570538,-0.16000721,0.007061653,-0.05248082,-0.1775652,0.000406947,0.3054175,0.011139568,-0.88560885,0.5017465,0.1129053,-0.39165953,-0.4375585,0.40620273,0.19257538,0.030429622,0.25556904,-0.3444231,-0.15876533,-0.10492907,-0.2337712,-0.38003168,0.0484698,-0.5227449,0.06191188,0.38653004,-0.057636846,0.10456434,-0.05877625,-0.056477964,0.23881312,0.66870886
2026-11-13,-0.65759563,-0.16290027,0.008599961,-0.05485263,-0.1759337,-0.0027115345,0.30542666,0.013046671,-0.8846731,0.50203216,0.11031934,-0.39070567,-0.44111934,0.40338108,0.19016938,0.029574903,0.25473183,-0.34438995,-0.15947796,-0.10413028,-0.2342801,-0.38312525,0.04851979,-0.5224525,0.05996737,0.38585955,-0.060655948,0.10337131,-0.05573224,-0.054035358,0.24126185,0.66975456
2026-11-16,-0.6586253,-0.1643936,0.008460391,-0.056027066,-0.17628483,-0.004226409,0.3048994,0.013591621,-0.8857478,0.50233454,0.109071165,-0.39014372,-0.44232395,0.40253502,0.1900143,0.029085025,0.25537938,-0.3456342,-0.15891103,-0.102890715,-0.23418331,-0.38415492,0.048488364,-0.5228586,0.05906871,0.38643813,-0.060751114,0.10327192,-0.05592384,-0.05325872,0.2420486,0.6705508
2026-11-17,-0.6606076,-0.16944578,0.0113598835,-0.06059778,-0.17436849,-0.009480126,0.3046037,0.016363662,-0.88514197,0.50281894,0.104297675,-0.3883276,-0.4486222,0.39800197,0.18614128,0.026970536,0.2539346,-0.34638762,-0.16046713,-0.100707114,-0.23505077,-0.38979787,0.04851398,-0.52252907,0.05648458,0.38542593,-0.065664396,0.10142231,-0.051313203,-0.048803277,0.24628381,0.6725417
2026-11-18,-0.66368073,-0.17253798,0.011383649,-0.06417689,-0.17572509,-0.012608945,0.3033268,0.017064925,-0.8887973,0.50339484,0.10169304,-0.3869703,-0.4509683,0.3966224,0.18638688,0.025227576,0.25545233,-0.350247,-0.15935935,-0.09645234,-0.23474106,-0.39209428,0.048500888,-0.52293104,0.055465266,0.38625443,-0.06493257,0.10122931,-0.05182359,-0.047539547,0.24723081,0.67348725
2026-11-19,-0.6671261,-0.17367953,0.009347668,-0.0665095,-0.17885764,-0.013593189,0.30157393,0.01610212,-0.8947158,0.5038523,0.10120003,-0.38641843,-0.45073268,0.39748427,0.1893804,0.023740055,0.2582407,-0.35528794,-0.15694742,-0.0915951,-0.2337238,-0.39206073,0.048599005,-0.5239697,0.055876255,0.38792282,-0.06096651,0.10211918,-0.055499453,-0.048437104,0.24576165,0.67376226
2026-11-20,-0.6700166,-0.17378673,0.0068653375,-0.06782712,-0.18199661,-0.0135746,0.29994577,0.014676556,-0.9002168,0.50411624,0.10172529,-0.38649485,-0.44963053,0.3989384,0.19281606,0.022660848,0.26084527,-0.35959193,-0.15452762,-0.08759031,-0.23273607,-0.39122057,0.04878395,-0.5250716,0.05670394,0.38958216,-0.056669574,0.10330488,-0.059590254,-0.049865004,0.24371375,0.6738086
2026-11-23,-0.6732702,-0.17269826,0.003237579,-0.06861994,-0.18661152,-0.01232294,0.2978934,0.012323156,-0.9075372,0.5044107,0.10335995,-0.3867788,-0.446808,0.4020653,0.19806355,0.021737114,0.26453602,-0.3651243,-0.1512372,-0.0827854,-0.2312481,-0.3888513,0.048923552,-0.5265445,0.058552295,0.39194712,-0.050012086,0.10526383,-0.065887794,-0.052803665,0.24019028,0.673385
2026-11-24,-0.6758838,-0.17064106,-0.0006936416,-0.06829812,-0.19099765,-0.010205023,0.29600847,0.00960711,-0.91402954,0.5044303,0.105836704,-0.38772127,-0.44334784,0.40551513,0.20355012,0.021175342,0.2678969,-0.36968634,-0.14811517,-0.079106495,-0.2299288,-0.3857995,0.049083367,-0.528181,0.06068015,0.39424396,-0.043414798,0.10747293,-0.072293356,-0.055959024,0.23633246,0.6729916
2026-11-25,-0.6778993,-0.16577941,-0.006452365,-0.06586662,-0.19697662,-0.005122952,0.2939312,0.005373448,-0.9216939,0.5043342,0.11066843,-0.38927865,-0.43617663,0.41177326,0.21148576,0.021445218,0.27266085,-0.37473896,-0.14384277,-0.07583113,-0.22798121,-0.37958965,0.04914163,-0.5301608,0.06446034,0.39766502,-0.033254918,0.11099644,-0.082056805,-0.06178744,0.23003037,0.6715389
2026-11-26,-0.6798516,-0.16504586,-0.0089109,-0.066093236,-0.19941175,-0.0046026483,0.2925129,0.003907632,-0.9259295,0.5043019,0.11193328,-0.3901018,-0.43495646,0.41328818,0.21482731,0.020878447,0.27470857,-0.37770444,-0.14180495,-0.07329371,-0.22736293,-0.37836188,0.049274452,-0.531661,0.065303996,0.3990525,-0.029744592,0.112312466,-0.08565186,-0.06308252,0.22802173,0.6718436
2026-11-27,-0.6792103,-0.16678599,-0.0074569173,-0.06718749,-0.19734967,-0.006664939,0.29297552,0.005780693,-0.9237737,0.5045209,0.110206366,-0.3896016,-0.4374179,0.41092092,0.21215539,0.020801103,0.27372906,-0.3765291,-0.14252709,-0.07398127,-0.22806087,-0.38065538,0.049325284,-0.53106517,0.06343277,0.39846653,-0.032579098,0.11128554,-0.08256066,-0.061147705,0.23018734,0.6724403
2026-11-30,-0.6796853,-0.17222351,-0.0034078434,-0.0712059,-0.19417845,-0.012507521,0.2934116,0.009680193,-0.9206947,0.5051788,0.10477104,-0.38756502,-0.44442615,0.40545458,0.20630763,0.019591017,0.2713989,-0.37550792,-0.14479096,-0.073637925,-0.2294094,-0.38690913,0.04930894,-0.5300869,0.059859723,0.39699197,-0.039471287,0.108808294,-0.07602766,-0.05595974,0.2358446,0.67453593
2026-12-01,-0.68121237,-0.1771231,-0.0005954541,-0.07530306,-0.19275935,-0.017820738,0.29308867,0.012547564,-0.9202014,0.5059463,0.1000358,-0.3856597,-0.44979683,0.40135318,0.20253842,0.018306186,0.27074808,-0.37650576,-0.14567418,-0.07173382,-0.23027065,-0.3919564,0.049177404,-0.5297286,0.056913137,0.3965298,-0.043585774,0.10717265,-0.07210092,-0.052031174,0.24011706,0.676273
2026-12-02,-0.68332964,-0.18198091,0.0016281586,-0.0796248,-0.19184725,-0.022957288,0.2924204,0.014933988,-0.920727,0.5066103,0.095544614,-0.38389936,-0.45498732,0.39747322,0.19956635,0.016655179,0.27045456,-0.3782267,-0.14616968,-0.06910472,-0.2309102,-0.3968256,0.049127374,-0.52972007,0.05425091,0.39624628,-0.04697142,0.105756834,-0.06901942,-0.048341922,0.24384038,0.678035
2026-12-03,-0.687465,-0.18735789,0.0027661882,-0.08504699,-0.19295365,-0.028380983,0.29063016,0.016528644,-0.92465717,0.50745416,0.09084686,-0.38181436,-0.46015665,0.39435983,0.19851425,0.014054652,0.27148294,-0.3827404,-0.14572932,-0.06386614,-0.23085594,-0.4015249,0.04899273,-0.5306529,0.052391037,0.39676756,-0.048329044,0.10487023,-0.06825073,-0.04516106,0.2467254,0.6802037
2026-12-04,-0.6896004,-0.19425124,0.0066288114,-0.09076251,-0.1905928,-0.035501644,0.29012874,0.020233966,-0.92347443,0.5081482,0.08417831,-0.3792915,-0.46836016,0.38804018,0.19303223,0.01170313,0.26966542,-0.38359177,-0.14757116,-0.061453346,-0.23203045,-0.40899312,0.048949502,-0.5303867,0.048671454,0.3954508,-0.05503067,0.10227513,-0.06246263,-0.03926781,0.25271764,0.6828815
2026-12-07,-0.6900344,-0.2012034,0.012293266,-0.09591201,-0.18641888,-0.042784147,0.29048133,0.024859812,-0.9186043,0.5085763,0.07671169,-0.3763321,-0.47746304,0.380639,0.18530652,0.009723503,0.2661,-0.38184038,-0.1513191,-0.06119804,-0.2337628,-0.41707727,0.048713747,-0.52922195,0.04470779,0.39298648,-0.06454754,0.09894273,-0.054005805,-0.03224875,0.26022708,0.68567955
2026-12-08,-0.692348,-0.20516376,0.013607321,-0.099891365,-0.1867977,-0.046859942,0.2893948,0.026498731,-0.92061746,0.5093016,0.072942674,-0.37431186,-0.4808745,0.37825304,0.18389225,0.008186538,0.26699805,-0.38481736,-0.15099718,-0.05769116,-0.23379365,-0.42043793,0.04845427,-0.5293971,0.042976096,0.39335042,-0.06560823,0.098122746,-0.05301493,-0.0300003,0.26263383,0.68683624
2026-12-09,-0.6959568,-0.2098094,0.014575841,-0.10484731,-0.18766895,-0.05150322,0.2877035,0.027582528,-0.9239479,0.5097884,0.06897338,-0.37256613,-0.4853061,0.3753355,0.18309914,0.0057465583,0.26777515,-0.3886624,-0.15068261,-0.052964225,-0.23375528,-0.42460576,0.048395608,-0.5301768,0.04144539,0.39352387,-0.066821456,0.09730962,-0.05238692,-0.02716697,0.2649848,0.6885201
2026-12-10,-0.70194083,-0.21582018,0.014802275,-0.1117699,-0.19027738,-0.057231538,0.2847186,0.02797921,-0.93070865,0.5103253,0.06431319,-0.37028128,-0.49055246,0.3724865,0.1839572,0.0019557588,0.26971304,-0.39547375,-0.14961852,-0.045063794,-0.23304325,-0.42935175,0.048275087,-0.5318104,0.04037592,0.39421177,-0.06657699,0.0967651,-0.05350488,-0.024131164,0.26687053,0.69073284
2026-12-11,-0.70919216,-0.2167081,0.010250676,-0.115219206,-0.19810276,-0.057364695,0.28068712,0.024518702,-0.9438277,0.5110941,0.06461551,-0.36932248,-0.48897627,0.3763768,0.1917123,-0.0008574538,0.2755831,-0.40608576,-0.14533831,-0.035796225,-0.23050307,-0.42776638,0.047670975,-0.5355415,0.043131217,0.39810595,-0.0575455,0.09931867,-0.06326319,-0.026674934,0.26304138,0.6917802
2026-12-14,-0.7084105,-0.21682023,0.01094199,-0.11502583,-0.19706506,-0.05767051,0.28090233,0.025418684,-0.94201416,0.5112423,0.063739896,-0.3691929,-0.4896219,0.37516776,0.18986401,-0.0007597096,0.27502167,-0.4050319,-0.14579792,-0.037018314,-0.23112135,-0.42885566,0.047610357,-0.5352954,0.04235767,0.39815098,-0.058817256,0.09900212,-0.06205095,-0.025772013,0.26432782,0.6921665
2026-12-15,-0.7052112,-0.22020614,0.016853925,-0.11638069,-0.19169022,-0.061861634,0.28262216,0.029900307,-0.9329619,0.51121664,0.058570053,-0.36753476,-0.49540386,0.36912167,0.1813612,-0.000545755,0.2705871,-0.39952832,-0.15014835,-0.041216917,-0.23355688,-0.43438256,0.047435336,-0.53305966,0.039024934,0.39541006,-0.06831545,0.09618279,-0.053068537,-0.020309284,0.271131,0.6936427
2026-12-16,-0.705179,-0.22673807,0.02246153,-0.12189284,-0.18780257,-0.06878134,0.28274694,0.034411956,-0.92850703,0.5114445,0.051582545,-0.36450738,-0.5029728,0.36224833,0.17403947,-0.0022459216,0.2679023,-0.39832634,-0.15302064,-0.04041241,-0.23525093,-0.44180477,0.047253087,-0.5314474,0.035060838,0.3931554,-0.076423526,0.09314358,-0.045409955,-0.014119968,0.27790326,0.6952086
2026-12-17,-0.7012975,-0.23362787,0.031429943,-0.12645234,-0.17916787,-0.07647995,0.28469193,0.04150802,-0.9162864,0.5112866,0.042872358,-0.36120477,-0.5124398,0.3521189,0.16121195,-0.0031339861,0.26183486,-0.39159128,-0.15863372,-0.044330865,-0.23866864,-0.45139816,0.047122974,-0.5279786,0.029258758,0.38871023,-0.09043698,0.08839144,-0.03180201,-0.0054408014,0.28790966,0.6966278
2026-12-18,-0.69990283,-0.23599291,0.034024242,-0.12772931,-0.17652522,-0.078980304,0.28529608,0.04388649,-0.9126109,0.51143503,0.040098824,-0.35973266,-0.51515025,0.34937406,0.15757443,-0.0031843968,0.260371,-0.3897157,-0.16016091,-0.04541013,-0.23937546,-0.45381457,0.0468627,-0.52699596,0.027402997,0.38752007,-0.09443863,0.08690651,-0.02788942,-0.003061235,0.29088607,0.6970843
2026-12-21,-0.6995967,-0.23715448,0.034928117,-0.12854736,-0.17560607,-0.080214284,0.28535002,0.044819463,-0.91151386,0.511492,0.038878813,-0.35911727,-0.5163912,0.3481309,0.15626189,-0.0033502392,0.25992993,-0.38928905,-0.16061164,-0.0454283,-0.23960795,-0.45494857,0.046801742,-0.52666855,0.026594058,0.38709474,-0.09588909,0.086331084,-0.026467446,-0.0020624995,0.29206917,0.69731575
2026-12-22,-0.6995447,-0.23829222,0.035631202,-0.12947698,-0.17489128,-0.081437,0.28526363,0.045577537,-0.91082,0.511502,0.037777785,-0.35863307,-0.5175989,0.346919,0.15522645,-0.00363148,0.25960732,-0.38912162,-0.16091113,-0.04517031,-0.23980884,-0.45608926,0.046791025,-0.52644193,0.025857508,0.38673753,-0.09707658,0.08585103,-0.025299907,-0.0011169985,0.2930765,0.69755894
2026-12-23,-0.699562,-0.23936884,0.03622614,-0.13038284,-0.1742881,-0.08258241,0.28514436,0.046253312,-0.91029763,0.5115172,0.03675609,-0.358177,-0.5187131,0.34580612,0.15433203,-0.0039234944,0.25936094,-0.38906428,-0.16113554,-0.044833973,-0.23996964,-0.45714504,0.046785124,-0.52625656,0.025184795,0.38643575,-0.09809348,0.085420534,-0.024300791,-0.0002628863,0.29397193,0.6977869
2026-12-24,-0.69958997,-0.24044272,0.036813695,-0.13129617,-0.17369059,-0.08372288,0.28501698,0.046914484,-0.9097905,0.51152444,0.035744257,-0.35772923,-0.5198242,0.34469336,0.15345244,-0.0042251833,0.25911605,-0.38901505,-0.16135596,-0.044484705,-0.24012817,-0.45820174,0.04678196,-0.52607566,0.024519637,0.38613084,-0.09910031,0.08499375,-0.023312625,0.0005905852,0.2948541,0.6980099
2026-12-25,-0.69956666,-0.24141264,0.037371133,-0.13210666,-0.17310338,-0.08476079,0.2849208,0.047546845,-0.9092516,0.5115322,0.034811586,-0.35731614,-0.5208355,0.34365836,0.15260123,-0.0044792183,0.25887036,-0.3889152,-0.16157259,-0.044216607,-0.24028687,-0.459169,0.04677899,-0.5258866,0.023894712,0.38584146,-0.10005541,0.08459373,-0.022365984,0.0013747439,0.2956836,0.6982041
2026-12-28,-0.6995755,-0.24226108,0.037817817,-0.13282582,-0.17263845,-0.085661195,0.2848169,0.048080917,-0.9088528,0.51154435,0.03400321,-0.35694504,-0.52169615,0.34278065,0.1519081,-0.0047077946,0.2586957,-0.38888714,-0.16172768,-0.043929473,-0.24040247,-0.4599875,0.046776984,-0.5257329,0.023363173,0.3856136,-0.100823164,0.08425951,-0.021604892,0.0020281821,0.2963777,0.6983722
2026-12-29,-0.6995813,-0.2430734,0.03824623,-0.13351838,-0.17218657,-0.086528935,0.28471443,0.04859452,-0.9084626,0.5115518,0.033228263,-0.3565958,-0.52252555,0.34192768,0.15123941,-0.00492768,0.2585237,-0.3888528,-0.16187708,-0.043655254,-0.24051857,-0.46078002,0.04677882,-0.5255827,0.022849455,0.3853913,-0.101564825,0.08393963,-0.020867255,0.0026591867,0.29704696,0.69853264
2026-12-30,-0.6995917,-0.24379012,0.03860684,-0.13413315,-0.17180619,-0.0872945,0.2846166,0.049049176,-0.90814424,0.51156586,0.032541715,-0.35627884,-0.52324694,0.34118444,0.15066284,-0.005119454,0.2583906,-0.38884646,-0.16199176,-0.04339187,-0.2406127,-0.46146834,0.046781294,-0.5254503,0.022398025,0.3852086,-0.10218938,0.083663225,-0.02024195,0.003199324,0.2976299,0.6986718
