date,open,high,low,close,volume,returns,vwap,volatility_20,vol_ma_20,close_ma_20,range_pct
2026-01-01,1.1992548,1.199524,1.1918001,1.1938015,2.2908747e-10,-0.00040637158,1.1956755,0.0036820476,1.0,0.9999032,0.004249531
2026-01-02,1.2004434,1.2009562,1.1930124,1.1946532,2.1652456e-10,-0.000429047,1.1968722,0.0037290058,1.0,1.0005304,0.0043598944
2026-01-05,1.1986493,1.1990799,1.1911335,1.1928401,2.1908737e-10,-0.00046290213,1.1950228,0.0037314377,1.0,1.0005084,0.0043643937
2026-01-06,1.1994376,1.1999005,1.191958,1.1936474,2.18339e-10,-0.00045121944,1.1958356,0.0037314596,1.0,1.0005139,0.004363453
2026-01-07,1.1992648,1.1997406,1.1917776,1.1934606,2.1790322e-10,-0.00045590394,1.1956578,0.0037336224,1.0,1.000542,0.0043725427
2026-01-08,1.1997455,1.2002922,1.192281,1.1939224,2.1490686e-10,-0.0004469953,1.1961449,0.0037352624,1.0,1.0005976,0.0043886965
2026-01-09,1.2008457,1.2014593,1.1934289,1.195049,2.1468297e-10,-0.0004376785,1.197281,0.0037381516,1.0,1.0006058,0.0043920516
2026-01-12,1.2007555,1.2013831,1.1933298,1.1949451,2.1369509e-10,-0.00044076503,1.1971847,0.0037408979,1.0,1.0006368,0.0044029835
2026-01-13,1.2014459,1.2021258,1.1940627,1.195652,2.1265946e-10,-0.00043341133,1.1978991,0.0037403342,1.0,1.0006472,0.0044057653
2026-01-14,1.2011954,1.2018845,1.193799,1.1953924,2.128921e-10,-0.00043483338,1.1976513,0.0037451969,1.0,1.0006689,0.0044184173
2026-01-15,1.1998676,1.2004807,1.1924039,1.1940266,2.1372508e-10,-0.0004546191,1.1962756,0.003745558,1.0,1.000669,0.004420229
2026-01-16,1.2009065,1.201577,1.1934943,1.1950904,2.125559e-10,-0.00044137213,1.1973392,0.003741486,1.0,1.0006602,0.0044117775
2026-01-19,1.2013398,1.2020328,1.1939508,1.1955379,2.1244521e-10,-0.00043493026,1.1977973,0.003742736,1.0,1.0006679,0.0044152196
2026-01-20,1.2008245,1.2015438,1.1933969,1.1949854,2.1085217e-10,-0.00044345428,1.1972576,0.0037504176,1.0,1.0007265,0.004442252
2026-01-21,1.2010233,1.2017454,1.1936135,1.1951911,2.1126427e-10,-0.00044052408,1.1974608,0.0037477233,1.0,1.0007181,0.004432585
2026-01-22,1.2004329,1.2011386,1.1929971,1.1945759,2.1081722e-10,-0.00045192943,1.1968513,0.003749408,1.0,1.0007359,0.0044424245
2026-01-23,1.200637,1.2013103,1.1932116,1.1948032,2.1171305e-10,-0.00044503377,1.1970661,0.003745624,1.0,1.0006968,0.004426393
2026-01-26,1.2002944,1.2009406,1.1928486,1.19446,2.1256975e-10,-0.00045142937,1.1967084,0.003744247,1.0,1.0006769,0.0044207834
2026-01-27,1.1994437,1.2000929,1.1919504,1.1935495,2.104875e-10,-0.0004623488,1.1958252,0.0037504802,1.0,1.0007468,0.004446853
2026-01-28,1.1999118,1.2005707,1.1924458,1.1940551,2.1129139e-10,-0.00045759114,1.1963115,0.0037474963,1.0,1.0007085,0.004435277
2026-01-29,1.2005063,1.2012515,1.1930695,1.1946404,2.0948618e-10,-0.00045051,1.1969268,0.00375362,1.0,1.0007677,0.0044577233
2026-01-30,1.201132,1.2019016,1.193722,1.1952903,2.094223e-10,-0.0004428351,1.1975709,0.0037536297,1.0,1.0007628,0.004455695
2026-02-02,1.1999228,1.2006799,1.192433,1.1940072,2.0783246e-10,-0.00045486458,1.1963125,0.0037617492,1.0,1.0008363,0.004484477
2026-02-03,1.2005811,1.2013354,1.1931449,1.1947097,2.086128e-10,-0.00044873683,1.1969976,0.0037519191,1.0,1.0007734,0.0044571776
2026-02-04,1.2010665,1.2018751,1.1936517,1.1951905,2.0725187e-10,-0.00044228323,1.1974957,0.003757604,1.0,1.0008187,0.00447487
2026-02-05,1.2005906,1.2013719,1.1931497,1.1947031,2.0752754e-10,-0.00045142317,1.197002,0.0037576812,1.0,1.000817,0.004475083
2026-02-06,1.2019478,1.2027885,1.1945876,1.1961199,2.0767645e-10,-0.00043356483,1.1984133,0.0037542356,1.0,1.000786,0.004463193
2026-02-09,1.201424,1.2022136,1.194043,1.1955808,2.0860977e-10,-0.00044183648,1.1978749,0.0037533718,1.0,1.0007838,0.0044578835
2026-02-10,1.2010528,1.2018709,1.1936363,1.1951824,2.0747877e-10,-0.00044739706,1.197485,0.0037596931,1.0,1.0008253,0.00448028
2026-02-11,1.2012382,1.202074,1.1938393,1.1953688,2.0696383e-10,-0.0004443071,1.1976776,0.0037585802,1.0,1.0008323,0.0044801626
2026-02-12,1.2017827,1.2026259,1.1944083,1.1959461,2.0779885e-10,-0.00043756634,1.1982431,0.00375721,1.0,1.0007979,0.0044707227
2026-02-13,1.202121,1.2030071,1.1947746,1.1962724,2.0561136e-10,-0.0004300815,1.1985897,0.0037572745,1.0,1.0008329,0.0044779284
2026-02-16,1.2024735,1.2033838,1.1951483,1.1966451,2.0597048e-10,-0.00042469462,1.1989561,0.003757254,1.0,1.000824,0.0044769635
2026-02-17,1.2019728,1.202875,1.194611,1.196112,2.0530752e-10,-0.00043329838,1.198431,0.0037600172,1.0,1.0008574,0.004488253
2026-02-18,1.2019763,1.2028509,1.1946154,1.1961166,2.0530223e-10,-0.000427935,1.1984332,0.0037572137,1.0,1.0008459,0.0044791675
2026-02-19,1.2028537,1.2037818,1.1955558,1.1970497,2.062308e-10,-0.0004246423,1.1993546,0.0037571604,1.0,1.0008134,0.004474735
2026-02-20,1.2017767,1.2026633,1.1943963,1.1959053,2.052094e-10,-0.00043665062,1.1982229,0.0037611213,1.0,1.000863,0.0044899876
2026-02-23,1.202029,1.2029601,1.1946657,1.1961526,2.0410858e-10,-0.00043126583,1.1984853,0.0037641763,1.0,1.000893,0.0045020264
2026-02-24,1.2023581,1.2033697,1.1950147,1.1964748,2.0272296e-10,-0.00042650267,1.1988355,0.0037711302,1.0,1.0009447,0.004526902
2026-02-25,1.2011676,1.2020983,1.193758,1.1952432,2.0347406e-10,-0.00044456532,1.1975939,0.0037690923,1.0,1.0009375,0.0045217685
2026-02-26,1.2014928,1.2023851,1.1940974,1.1956102,2.04908e-10,-0.00043564392,1.1979374,0.0037643216,1.0,1.0008776,0.004501202
2026-02-27,1.2012491,1.2021519,1.1938374,1.1953356,2.034488e-10,-0.00043800953,1.1976761,0.0037652538,1.0,1.0009108,0.00450994
2026-03-02,1.2023574,1.2033325,1.195021,1.1964905,2.0318523e-10,-0.0004285721,1.198831,0.0037659693,1.0,1.0008999,0.0045103105
2026-03-03,1.2027075,1.2036994,1.1953871,1.1968453,2.0292766e-10,-0.00041942863,1.1991903,0.003766203,1.0,1.0009109,0.004509934
2026-03-04,1.2035505,1.2045813,1.1962868,1.1977262,2.0263217e-10,-0.00041004317,1.2000632,0.0037643455,1.0,1.0008999,0.004503509
2026-03-05,1.2041346,1.2051713,1.1969228,1.1983533,2.035971e-10,-0.0004068988,1.2006832,0.0037604591,1.0,1.000853,0.0044888714
2026-03-06,1.2039752,1.2050709,1.1967393,1.1981686,2.029005e-10,-0.0004100474,1.2005186,0.00377076,1.0,1.0009209,0.0045203064
2026-03-09,1.2037895,1.204834,1.196554,1.1979884,2.0312972e-10,-0.0004141871,1.2003249,0.003763472,1.0,1.0008814,0.0045012617
2026-03-10,1.2031856,1.2042556,1.1958978,1.1973178,2.009137e-10,-0.00041388016,1.199689,0.0037714185,1.0,1.0009636,0.004531127
2026-03-11,1.2032516,1.2043186,1.1959687,1.197388,2.0079859e-10,-0.00041172875,1.1997573,0.0037709253,1.0,1.0009559,0.004529127
2026-03-12,1.2024567,1.2034864,1.1951212,1.1965603,2.015119e-10,-0.0004272713,1.1989312,0.0037719351,1.0,1.0009687,0.0045338245
2026-03-13,1.2024182,1.203448,1.1950841,1.1965219,2.0139493e-10,-0.00042506572,1.1988878,0.0037714476,1.0,1.0009679,0.0045321593
2026-03-16,1.2035589,1.2046367,1.1962979,1.1977181,2.0121876e-10,-0.00041241146,1.2000757,0.003770077,1.0,1.0009431,0.0045246165
2026-03-17,1.2032409,1.204324,1.1959529,1.1973777,2.0092468e-10,-0.00041774428,1.1997411,0.003773422,1.0,1.0009745,0.0045363465
2026-03-18,1.2024577,1.2034749,1.1951199,1.1965709,2.0154957e-10,-0.00042643718,1.1989263,0.0037704112,1.0,1.0009593,0.0045292443
2026-03-19,1.2026153,1.2036656,1.1952893,1.1967185,2.0076793e-10,-0.00042728885,1.1990912,0.0037735307,1.0,1.0009854,0.0045385123
2026-03-20,1.2024604,1.2034861,1.1951317,1.1965731,2.014343e-10,-0.00042691865,1.1989352,0.0037698424,1.0,1.0009593,0.0045290766
2026-03-23,1.203636,1.2047644,1.1963804,1.197775,1.9977346e-10,-0.0004101199,1.2001505,0.0037742096,1.0,1.0009928,0.004541398
2026-03-24,1.20352,1.2046444,1.1962522,1.1976472,1.9933216e-10,-0.0004089526,1.2000285,0.0037741011,1.0,1.0009977,0.0045435005
2026-03-25,1.2027754,1.2038777,1.1954576,1.1968613,1.9885943e-10,-0.00041919845,1.1992521,0.003777557,1.0,1.0010351,0.0045570023
2026-03-26,1.2035402,1.2046733,1.1962695,1.1976775,1.9994534e-10,-0.0004111291,1.2000542,0.0037768264,1.0,1.0009977,0.0045482293
2026-03-27,1.2039679,1.205096,1.1967307,1.1981312,2.0004566e-10,-0.00040207568,1.2004977,0.0037715968,1.0,1.0009668,0.0045323614
2026-03-30,1.2040032,1.2051647,1.196774,1.1981479,1.9870017e-10,-0.00040353686,1.2005305,0.0037737528,1.0,1.0009997,0.0045440765
2026-03-31,1.2034589,1.2045639,1.1961836,1.1975957,1.9987464e-10,-0.0004123813,1.1999675,0.003774506,1.0,1.0009874,0.0045418125
2026-04-01,1.2033763,1.2044959,1.1961029,1.1975025,1.9934669e-10,-0.00041206545,1.1998838,0.0037747677,1.0,1.0010004,0.004545923
2026-04-02,1.203528,1.2046522,1.19627,1.1976662,1.9957047e-10,-0.0004118972,1.2000452,0.0037736676,1.0,1.0009913,0.004543022
2026-04-03,1.2037349,1.204868,1.1964844,1.1978792,1.9960407e-10,-0.00040944532,1.2002552,0.0037744169,1.0,1.0009935,0.004542622
2026-04-06,1.2044363,1.2056274,1.1972339,1.1986097,1.9891172e-10,-0.00040074793,1.200983,0.0037748248,1.0,1.0009902,0.004545032
2026-04-07,1.2050264,1.2062509,1.1978679,1.1992149,1.9824613e-10,-0.00039252106,1.2015965,0.0037762644,1.0,1.0010037,0.004546915
2026-04-08,1.2053913,1.2066905,1.198257,1.1995786,1.9720457e-10,-0.00039153564,1.2019842,0.0037839771,1.0,1.0010474,0.0045706183
2026-04-09,1.2047637,1.2060292,1.1975777,1.198926,1.9741911e-10,-0.00039265017,1.2013278,0.0037843485,1.0,1.0010482,0.004573156
2026-04-10,1.2048426,1.2061219,1.1976663,1.1989961,1.9659602e-10,-0.00039300838,1.2014045,0.0037846193,1.0,1.0010694,0.004576987
2026-04-13,1.2040011,1.2051939,1.1967703,1.1981283,1.9756981e-10,-0.00040299934,1.2005277,0.0037783554,1.0,1.001042,0.0045606345
2026-04-14,1.203814,1.2049528,1.1965668,1.1979635,1.9931853e-10,-0.00040688107,1.2003351,0.003774709,1.0,1.0009905,0.0045438083
2026-04-15,1.2041605,1.2053704,1.1969382,1.198301,1.9784008e-10,-0.00040439164,1.200698,0.0037811578,1.0,1.001043,0.004566248
2026-04-16,1.2043203,1.2055242,1.1971052,1.1984624,1.9738566e-10,-0.00039588008,1.2008563,0.0037783706,1.0,1.0010339,0.0045581656
2026-04-17,1.2042675,1.2055144,1.19705,1.198403,1.9683465e-10,-0.00040165792,1.2008003,0.0037828218,1.0,1.0010616,0.0045736805
2026-04-20,1.2046653,1.2059318,1.1974746,1.1988083,1.9636404e-10,-0.00039287057,1.2012177,0.003783165,1.0,1.0010655,0.004574056
2026-04-21,1.2048416,1.2061348,1.1976662,1.1989868,1.9583984e-10,-0.00038901105,1.2014023,0.0037850605,1.0,1.0010818,0.0045807725
2026-04-22,1.2054105,1.2067099,1.1982758,1.1996002,1.9676227e-10,-0.00038707783,1.2019969,0.0037823194,1.0,1.0010413,0.004568141
2026-04-23,1.2051442,1.2064121,1.1979947,1.199329,1.9740871e-10,-0.00039137813,1.201722,0.003779747,1.0,1.001028,0.004561216
2026-04-24,1.2052234,1.2065349,1.1980734,1.1993952,1.9640654e-10,-0.00039013964,1.2018012,0.0037854817,1.0,1.0010692,0.004579195
2026-04-27,1.2052065,1.2065157,1.1980631,1.1993767,1.9641037e-10,-0.0003912598,1.201787,0.003784411,1.0,1.0010651,0.0045769485
2026-04-28,1.2054225,1.2067143,1.1982852,1.199614,1.9676055e-10,-0.00038645565,1.2020081,0.0037821233,1.0,1.001036,0.0045658285
2026-04-29,1.2068989,1.2082891,1.1998862,1.2011608,1.9646511e-10,-0.00036792568,1.2035593,0.0037836493,1.0,1.0010248,0.004565086
2026-04-30,1.2052693,1.2065747,1.198128,1.199447,1.9657147e-10,-0.0003897032,1.2018528,0.003784172,1.0,1.0010582,0.004575017
2026-05-01,1.2058995,1.207277,1.1988046,1.2000905,1.9519641e-10,-0.00037683838,1.2025086,0.0037883346,1.0,1.0010841,0.004587357
2026-05-04,1.2048769,1.2061982,1.1976995,1.1990047,1.9454584e-10,-0.00038632195,1.2014319,0.003788615,1.0,1.0011168,0.004593554
2026-05-05,1.2056235,1.206953,1.1985024,1.1998129,1.9628316e-10,-0.00038199665,1.202219,0.00378431,1.0,1.0010595,0.004574909
2026-05-06,1.2054894,1.2068182,1.1983663,1.1996726,1.9607108e-10,-0.0003860864,1.2020859,0.0037852367,1.0,1.0010667,0.004579245
2026-05-07,1.205475,1.2067972,1.1983523,1.1996542,1.955036e-10,-0.00038548154,1.2020646,0.003782575,1.0,1.0010599,0.004573641
2026-05-08,1.2054784,1.2067864,1.1983498,1.1996602,1.9578676e-10,-0.00038306092,1.2020653,0.003783755,1.0,1.0010623,0.004573604
2026-05-11,1.2057097,1.2070682,1.1985999,1.1998924,1.9557651e-10,-0.0003802034,1.2023102,0.0037879809,1.0,1.001086,0.004585717
2026-05-12,1.2051946,1.2065166,1.198042,1.199353,1.9529209e-10,-0.00038539944,1.2017701,0.0037861862,1.0,1.0010878,0.004584796
2026-05-13,1.2056824,1.2070571,1.1985655,1.1998439,1.9388176e-10,-0.00037488434,1.2022707,0.0037882635,1.0,1.0011145,0.0045924727
2026-05-14,1.2057595,1.207144,1.1986588,1.1999365,1.9454986e-10,-0.00038227066,1.2023612,0.003788982,1.0,1.0011017,0.004592954
2026-05-15,1.2057437,1.2071075,1.1986301,1.1999192,1.9479629e-10,-0.00038253484,1.2023376,0.003788812,1.0,1.0010939,0.0045894133
2026-05-18,1.2053552,1.2066988,1.198212,1.199506,1.9433591e-10,-0.00038210058,1.2019302,0.0037876414,1.0,1.0011091,0.0045902086
2026-05-19,1.206151,1.2075461,1.1990739,1.2003504,1.9439104e-10,-0.000374477,1.2027686,0.0037870766,1.0,1.0010827,0.0045871288
2026-05-20,1.2058707,1.20726,1.1987666,1.2000465,1.9452036e-10,-0.000378919,1.2024688,0.003788845,1.0,1.0011047,0.0045922548
2026-05-21,1.2066072,1.2080548,1.1995648,1.2008173,1.9385502e-10,-0.00037039566,1.2032411,0.003791335,1.0,1.0011072,0.0045968005
2026-05-22,1.2064549,1.2078686,1.1993994,1.200668,1.9473835e-10,-0.00037396007,1.2030854,0.0037894186,1.0,1.0010889,0.0045897677
2026-05-25,1.2059013,1.2072729,1.1988035,1.2000867,1.9492603e-10,-0.00038002295,1.2025031,0.0037865988,1.0,1.001088,0.0045847557
2026-05-26,1.2054211,1.2068,1.1982838,1.1995635,1.9362237e-10,-0.0003791451,1.2020006,0.0037922529,1.0,1.0011348,0.0046039578
2026-05-27,1.2057987,1.2072133,1.1986905,1.1999555,1.9331343e-10,-0.00037744833,1.2023901,0.0037923073,1.0,1.0011398,0.004605868
2026-05-28,1.2058985,1.2073561,1.198792,1.2000456,1.9242972e-10,-0.00037792537,1.2024945,0.003798307,1.0,1.0011767,0.0046250923
2026-05-29,1.2065176,1.2079883,1.1994607,1.2007092,1.930514e-10,-0.00037112442,1.203142,0.0037955097,1.0,1.0011402,0.0046107983
2026-06-01,1.2067043,1.2082069,1.19967,1.2009039,1.9285139e-10,-0.000369303,1.2033484,0.0037979442,1.0,1.0011488,0.004618668
2026-06-02,1.2077335,1.2092932,1.2007828,1.2019829,1.9230939e-10,-0.0003577736,1.2044228,0.0037972562,1.0,1.0011344,0.004613163
2026-06-03,1.20674,1.208234,1.1997006,1.2009313,1.926329e-10,-0.00036387122,1.203382,0.0037975728,1.0,1.0011532,0.0046166014
2026-06-04,1.2063837,1.2078152,1.1993209,1.2005762,1.9334223e-10,-0.00037018722,1.2030039,0.0037906645,1.0,1.001114,0.0045971223
2026-06-05,1.2059528,1.2073653,1.1988616,1.2001241,1.9343738e-10,-0.0003764771,1.202556,0.0037905723,1.0,1.0011243,0.00459998
2026-06-08,1.2059207,1.2073368,1.1988269,1.2000896,1.9363884e-10,-0.00037739804,1.2025235,0.003791816,1.0,1.0011296,0.004602493
2026-06-09,1.2068263,1.2083225,1.1997985,1.2010273,1.9251775e-10,-0.0003654829,1.2034731,0.0037974701,1.0,1.0011513,0.0046168817
2026-06-10,1.2066109,1.2081236,1.1995631,1.2007842,1.9112159e-10,-0.00036461005,1.2032391,0.0038000774,1.0,1.0011849,0.0046298504
2026-06-11,1.2075782,1.2091283,1.2006207,1.2018157,1.9193716e-10,-0.0003557723,1.2042603,0.0037962063,1.0,1.0011367,0.004612813
2026-06-12,1.207414,1.2089578,1.2004383,1.2016432,1.9209705e-10,-0.00035933533,1.2040927,0.003798858,1.0,1.0011466,0.004619038
2026-06-15,1.207141,1.2086446,1.200144,1.2013611,1.9248922e-10,-0.0003615534,1.2038003,0.0037944263,1.0,1.0011319,0.0046074674
2026-06-16,1.2072431,1.2087578,1.20025,1.2014647,1.9204821e-10,-0.00036192755,1.2038993,0.0037948175,1.0,1.0011333,0.0046091946
2026-06-17,1.2073433,1.2088642,1.2003653,1.2015724,1.9197993e-10,-0.00035799362,1.204013,0.0037950594,1.0,1.0011355,0.00461007
2026-06-18,1.2065382,1.2080151,1.1994928,1.2007253,1.9226856e-10,-0.00036766534,1.2031646,0.003794877,1.0,1.0011483,0.004612657
2026-06-19,1.2075087,1.2090533,1.2005446,1.2017478,1.9219365e-10,-0.0003574387,1.2041887,0.0037966394,1.0,1.0011383,0.004613979
2026-06-22,1.2076554,1.2092255,1.2006996,1.2018925,1.9159663e-10,-0.00035684122,1.2043433,0.003798978,1.0,1.0011511,0.0046212766
2026-06-23,1.2081316,1.2097526,1.2012146,1.2023865,1.9092106e-10,-0.00034764435,1.2048377,0.0038009332,1.0,1.001162,0.0046261484
2026-06-24,1.2080455,1.2096606,1.2011195,1.2022939,1.9095715e-10,-0.00035165242,1.204748,0.0038019195,1.0,1.001167,0.004629427
2026-06-25,1.2081198,1.2097254,1.2011997,1.2023785,1.9150809e-10,-0.00035188877,1.2048286,0.0038007335,1.0,1.001151,0.00462322
2026-06-26,1.2074403,1.2090131,1.2004659,1.2016561,1.909215e-10,-0.00035723764,1.2041093,0.00380014,1.0,1.0011744,0.004627454
2026-06-29,1.2078439,1.2094455,1.2009023,1.2020844,1.9119628e-10,-0.00035302326,1.2045429,0.0038027908,1.0,1.0011709,0.004631455
2026-06-30,1.2074105,1.2089611,1.2004348,1.2016371,1.9162542e-10,-0.00035973638,1.2040839,0.0037979048,1.0,1.001148,0.0046194335
2026-07-01,1.2075363,1.2091073,1.2005682,1.2017564,1.9099318e-10,-0.00035295522,1.204214,0.0037993274,1.0,1.0011643,0.004624311
2026-07-02,1.2082133,1.2098535,1.2013043,1.2024689,1.9084472e-10,-0.00034933063,1.2049267,0.0038038143,1.0,1.0011795,0.0046345843
2026-07-03,1.2081281,1.2097253,1.2012153,1.2023852,1.9090735e-10,-0.00034690383,1.2048353,0.0037984992,1.0,1.0011495,0.0046190186
2026-07-06,1.2082447,1.209861,1.2013419,1.2025073,1.9088894e-10,-0.00034823263,1.2049593,0.0038004387,1.0,1.0011524,0.004623318
2026-07-07,1.2079394,1.2095542,1.2010037,1.2021743,1.9055958e-10,-0.00035190428,1.2046332,0.0038036406,1.0,1.0011871,0.0046347613
2026-07-08,1.2075121,1.2090781,1.2005404,1.2017298,1.9100546e-10,-0.00035425846,1.2041833,0.003799552,1.0,1.0011715,0.004624174
2026-07-09,1.2082143,1.2098435,1.2013012,1.2024676,1.9065857e-10,-0.00034761243,1.2049214,0.0038023286,1.0,1.0011696,0.0046290653
2026-07-10,1.2084727,1.2101325,1.2015833,1.2027336,1.9018653e-10,-0.0003434845,1.2051963,0.0038044793,1.0,1.0011802,0.004635752
2026-07-13,1.2086133,1.2102858,1.2017434,1.2028794,1.8951413e-10,-0.00033807708,1.2053436,0.0038034285,1.0,1.0011778,0.0046345657
2026-07-14,1.2083093,1.2100078,1.2014015,1.2025452,1.8927067e-10,-0.00034692485,1.2050222,0.0038116807,1.0,1.0012301,0.0046593933
2026-07-15,1.2082086,1.2098337,1.2013006,1.2024575,1.9003782e-10,-0.00034736094,1.2049124,0.003801034,1.0,1.0011716,0.004628488
2026-07-16,1.2083598,1.2100164,1.2014565,1.2026075,1.8955149e-10,-0.00034254906,1.2050714,0.0038048394,1.0,1.0011892,0.004638534
2026-07-17,1.207767,1.2093979,1.2008116,1.2019773,1.8929745e-10,-0.0003488004,1.2044445,0.0038054544,1.0,1.0012118,0.004644814
2026-07-20,1.2078091,1.2094308,1.2008612,1.2020317,1.8991153e-10,-0.00034982993,1.2044963,0.0038044655,1.0,1.0011958,0.0046398025
2026-07-21,1.2079952,1.2096052,1.2010643,1.2022355,1.905159e-10,-0.00034980295,1.2046884,0.0038017821,1.0,1.0011754,0.004629409
2026-07-22,1.2087579,1.21045,1.2018908,1.2030278,1.894885e-10,-0.0003405944,1.2054905,0.0038075587,1.0,1.0011966,0.0046440237
2026-07-23,1.2095542,1.2112861,1.2027718,1.203864,1.8874105e-10,-0.00032756495,1.2063334,0.0038059987,1.0,1.001175,0.0046367478
2026-07-24,1.208859,1.2105651,1.202002,1.2031296,1.8908732e-10,-0.00034165953,1.2055937,0.0038078479,1.0,1.0012017,0.0046458067
2026-07-27,1.2086649,1.2103764,1.2017998,1.2029197,1.8868737e-10,-0.00033939717,1.2053957,0.0038084285,1.0,1.0012151,0.0046500997
2026-07-28,1.2085571,1.2102517,1.2016776,1.2028074,1.8881242e-10,-0.00033879516,1.2052834,0.00380842,1.0,1.001212,0.0046495814
2026-07-29,1.2080413,1.2096841,1.2011191,1.2022675,1.8904087e-10,-0.00034327595,1.2047372,0.0038035568,1.0,1.0011964,0.0046391063
2026-07-30,1.208237,1.2098868,1.2013273,1.20248,1.8932127e-10,-0.00034349234,1.2049421,0.0038040178,1.0,1.0011907,0.0046377424
2026-07-31,1.2083699,1.2100606,1.2014722,1.2026054,1.886601e-10,-0.00034161593,1.2050833,0.003808348,1.0,1.0012192,0.004651643
2026-08-03,1.2091196,1.2108229,1.2022939,1.2034117,1.8943831e-10,-0.0003362888,1.2058754,0.0038047468,1.0,1.0011759,0.004636169
2026-08-04,1.2088643,1.2105694,1.202009,1.2031275,1.887668e-10,-0.00033739355,1.2055976,0.003807107,1.0,1.0012107,0.004645494
2026-08-05,1.2088116,1.2105292,1.2019545,1.203069,1.8824536e-10,-0.00033585334,1.2055461,0.0038092388,1.0,1.0012203,0.004652557
2026-08-06,1.2091657,1.2109315,1.2023399,1.2034409,1.8794563e-10,-0.00033289613,1.2059246,0.0038132332,1.0,1.0012316,0.004662915
2026-08-07,1.2084044,1.2101055,1.2015128,1.20264,1.8838692e-10,-0.0003401989,1.2051203,0.00380879,1.0,1.0012263,0.004654373
2026-08-10,1.2081381,1.2098209,1.2012162,1.2023568,1.882562e-10,-0.00034439575,1.2048314,0.0038084919,1.0,1.0012339,0.0046556047
2026-08-11,1.2088313,1.2105484,1.2019677,1.2030917,1.8860914e-10,-0.00033816465,1.2055632,0.0038096537,1.0,1.0012205,0.004652528
2026-08-12,1.2093694,1.2111055,1.202564,1.2036669,1.8855788e-10,-0.00033204744,1.206135,0.003807278,1.0,1.0011934,0.004643595
2026-08-13,1.2093246,1.2110702,1.2025126,1.2036234,1.8887464e-10,-0.00033477653,1.2060912,0.0038090984,1.0,1.0011932,0.004648209
2026-08-14,1.2092456,1.2110217,1.2024192,1.2035152,1.8723435e-10,-0.00033055982,1.205994,0.0038133054,1.0,1.0012382,0.0046636714
2026-08-17,1.2097971,1.2116271,1.203029,1.2040987,1.873469e-10,-0.00032600522,1.2065835,0.0038146782,1.0,1.0012348,0.004666467
2026-08-18,1.2087932,1.210555,1.2019286,1.203037,1.8756677e-10,-0.00033620556,1.205525,0.003814892,1.0,1.0012565,0.004671406
2026-08-19,1.2090414,1.2107983,1.2021953,1.2033026,1.8774994e-10,-0.00033168364,1.2057817,0.003812482,1.0,1.0012367,0.00466144
2026-08-20,1.209429,1.2111955,1.2026253,1.2037171,1.8793679e-10,-0.00033154586,1.2061898,0.0038103135,1.0,1.0012212,0.0046534333
2026-08-21,1.2088027,1.2105508,1.2019364,1.2030494,1.8773824e-10,-0.0003350467,1.2055343,0.0038137652,1.0,1.0012491,0.004666226
2026-08-24,1.2087904,1.2105304,1.2019273,1.2030349,1.8712976e-10,-0.00033305568,1.2055215,0.003812114,1.0,1.0012414,0.00466407
2026-08-25,1.209215,1.2110039,1.2023859,1.2034825,1.8752634e-10,-0.0003309363,1.205965,0.0038150884,1.0,1.0012519,0.0046694865
2026-08-26,1.2094437,1.2112261,1.2026432,1.203728,1.8755794e-10,-0.000328381,1.2062123,0.0038126488,1.0,1.0012289,0.004660992
2026-08-27,1.2097498,1.2115495,1.2029802,1.204046,1.8706064e-10,-0.00032349522,1.2065306,0.0038120183,1.0,1.0012304,0.0046592136
2026-08-28,1.209529,1.2113286,1.202734,1.203815,1.8746406e-10,-0.00032879197,1.2063019,0.0038141755,1.0,1.0012347,0.004664907
2026-08-31,1.2095075,1.2112986,1.2027137,1.2037897,1.8699038e-10,-0.00032659492,1.2062738,0.0038128416,1.0,1.001235,0.00466237
2026-09-01,1.2094221,1.2111846,1.2026167,1.2037134,1.8799726e-10,-0.000331319,1.2061839,0.0038091647,1.0,1.0012112,0.004651199
2026-09-02,1.2092037,1.2109696,1.2023768,1.2034719,1.875085e-10,-0.00033179787,1.2059548,0.003811638,1.0,1.0012317,0.0046599223
2026-09-03,1.2094412,1.2112336,1.2026348,1.2037234,1.8745254e-10,-0.00032936773,1.2062066,0.0038138404,1.0,1.0012369,0.004664404
2026-09-04,1.2088896,1.2106557,1.2020352,1.2031342,1.8679917e-10,-0.0003320037,1.2056199,0.003813832,1.0,1.0012609,0.0046698246
2026-09-07,1.2098181,1.2116591,1.2030549,1.2041086,1.8618058e-10,-0.0003236569,1.2066025,0.0038169492,1.0,1.0012574,0.004674232
2026-09-08,1.2097917,1.2116566,1.203018,1.2040721,1.8595703e-10,-0.00032094034,1.2065744,0.003822274,1.0,1.0012839,0.0046882313
2026-09-09,1.2098964,1.2117285,1.2031329,1.2041941,1.8633545e-10,-0.00032309943,1.2066784,0.0038155555,1.0,1.0012448,0.0046688067
2026-09-10,1.2100626,1.2119213,1.2033209,1.2043781,1.8696662e-10,-0.00032647623,1.2068639,0.0038181704,1.0,1.0012459,0.0046748556
2026-09-11,1.2097061,1.211538,1.2029222,1.2039852,1.8621493e-10,-0.00032201863,1.2064807,0.003817555,1.0,1.0012636,0.0046758405
2026-09-14,1.210576,1.2124699,1.2038796,1.2049086,1.8583107e-10,-0.00031355667,1.2074009,0.0038184258,1.0,1.0012466,0.0046745352
2026-09-15,1.2105421,1.2124001,1.2038443,1.2048808,1.8658639e-10,-0.0003156853,1.2073656,0.0038147299,1.0,1.0012226,0.0046618963
2026-09-16,1.2104108,1.2122792,1.2036943,1.2047402,1.8635261e-10,-0.00031637403,1.2072222,0.0038173597,1.0,1.00124,0.0046707713
2026-09-17,1.2104689,1.2123382,1.2037665,1.2048075,1.86815e-10,-0.00031820528,1.207294,0.0038167685,1.0,1.0012306,0.0046679154
2026-09-18,1.2103249,1.212162,1.203608,1.2046566,1.8665951e-10,-0.00032200693,1.2071329,0.0038125338,1.0,1.0012159,0.004657615
2026-09-21,1.2109561,1.2129058,1.2042964,1.2053111,1.8572953e-10,-0.0003139977,1.2078047,0.0038239488,1.0,1.0012605,0.0046876576
2026-09-22,1.2109597,1.212866,1.2043054,1.2053205,1.860505e-10,-0.00031181792,1.207807,0.0038167657,1.0,1.0012285,0.0046673235
2026-09-23,1.2107798,1.2126722,1.204106,1.2051282,1.857327e-10,-0.0003130295,1.207613,0.0038167397,1.0,1.0012357,0.004669071
2026-09-24,1.2105905,1.2124815,1.2038949,1.2049252,1.8578254e-10,-0.00031298067,1.2074167,0.0038182437,1.0,1.0012476,0.0046736496
2026-09-25,1.2109513,1.2128735,1.2042918,1.2053043,1.8544886e-10,-0.0003088044,1.2077979,0.0038197166,1.0,1.0012485,0.004676341
2026-09-28,1.2111058,1.213035,1.2044622,1.2054697,1.8556252e-10,-0.0003087308,1.2079613,0.0038195653,1.0,1.0012428,0.004674739
2026-09-29,1.2106825,1.2125748,1.2039953,1.2050287,1.8624433e-10,-0.00031584146,1.207514,0.003817824,1.0,1.0012383,0.0046712966
2026-09-30,1.2107753,1.2126635,1.2040976,1.2051308,1.8648512e-10,-0.00031546154,1.2076124,0.0038167248,1.0,1.0012277,0.0046668136
2026-10-01,1.2108797,1.2127651,1.2042129,1.2052462,1.8675655e-10,-0.00031545776,1.2077234,0.0038157464,1.0,1.001217,0.004662639
2026-10-02,1.2109177,1.212804,1.2042545,1.2052871,1.867693e-10,-0.00031515886,1.2077634,0.0038156826,1.0,1.0012158,0.004662144
2026-10-05,1.2110335,1.2129211,1.2043817,1.2054116,1.8687904e-10,-0.00031448994,1.2078859,0.003815176,1.0,1.0012095,0.0046596406
2026-10-06,1.2107646,1.2126312,1.204085,1.2051301,1.8715907e-10,-0.00031809596,1.2076013,0.0038144717,1.0,1.0012107,0.0046588755
2026-10-07,1.2106898,1.2125404,1.2040019,1.205055,1.8752183e-10,-0.00031985843,1.207522,0.0038130996,1.0,1.001203,0.0046545905
2026-10-08,1.2105458,1.2123849,1.2038429,1.2049032,1.8759105e-10,-0.00032112614,1.2073693,0.003812748,1.0,1.001205,0.0046543414
2026-10-09,1.2101386,1.21195,1.2033944,1.2044749,1.8786166e-10,-0.000325991,1.2069385,0.0038120495,1.0,1.0012093,0.0046544736
2026-10-12,1.2101299,1.2119246,1.2033843,1.204471,1.8829174e-10,-0.00032686658,1.2069296,0.0038101627,1.0,1.0011964,0.0046479343
2026-10-13,1.2099433,1.2117007,1.2031785,1.2042851,1.8918264e-10,-0.00033149618,1.2067335,0.0038069747,1.0,1.0011759,0.0046378225
2026-10-14,1.2102542,1.2120156,1.2035207,1.2046198,1.8951143e-10,-0.00032903443,1.2070626,0.0038054995,1.0,1.0011567,0.004630455
2026-10-15,1.2102747,1.2120069,1.2035421,1.2046548,1.9053667e-10,-0.00033230294,1.2070856,0.0038020317,1.0,1.001128,0.004617789
2026-10-16,1.2104967,1.212224,1.2037864,1.2048972,1.9104063e-10,-0.00033159158,1.207321,0.0038001342,1.0,1.0011071,0.004609451
2026-10-19,1.2107646,1.2124947,1.2040812,1.2051865,1.9139848e-10,-0.00033038133,1.2076049,0.0037987889,1.0,1.0010897,0.0046029035
2026-10-20,1.2112079,1.2129579,1.204569,1.2056572,1.914328e-10,-0.00032644765,1.2080737,0.0037983053,1.0,1.0010755,0.0045984597
2026-10-21,1.2109407,1.212674,1.2042749,1.205379,1.9171915e-10,-0.0003307754,1.2077913,0.0037981346,1.0,1.0010779,0.0045991316
2026-10-22,1.2106111,1.2123175,1.2039111,1.2050352,1.9213524e-10,-0.00033525444,1.2074428,0.003797284,1.0,1.001078,0.0045977496
2026-10-23,1.21011,1.2117817,1.2033597,1.2045112,1.9259642e-10,-0.00034189716,1.2069134,0.0037966105,1.0,1.0010818,0.0045978203
2026-10-26,1.2098695,1.2115242,1.203095,1.2042587,1.9274592e-10,-0.00034440466,1.2066593,0.003796327,1.0,1.0010853,0.0045979694
2026-10-27,1.20968,1.2113216,1.2028861,1.2040594,1.9283816e-10,-0.0003464243,1.2064588,0.0037961844,1.0,1.0010889,0.0045983978
2026-10-28,1.2093034,1.2109329,1.2024732,1.2036583,1.9257172e-10,-0.0003496009,1.2060606,0.0037972094,1.0,1.0011066,0.004604386
2026-10-29,1.2091836,1.21082,1.2023418,1.2035245,1.9203786e-10,-0.00034898613,1.205933,0.0037986636,1.0,1.001124,0.0046108505
2026-10-30,1.2090139,1.2106602,1.2021561,1.2033355,1.913169e-10,-0.00034847102,1.2057521,0.0038006664,1.0,1.001147,0.0046197595
2026-11-02,1.2087773,1.2104151,1.2018965,1.2030851,1.913086e-10,-0.0003516462,1.2055014,0.003801171,1.0,1.0011555,0.0046227463
2026-11-03,1.2083666,1.209981,1.2014474,1.2026535,1.914395e-10,-0.00035679838,1.205068,0.0038010683,1.0,1.001163,0.0046245214
2026-11-04,1.2078407,1.2094259,1.2008735,1.2020999,1.914911e-10,-0.00036286603,1.2045131,0.0038008725,1.0,1.0011725,0.0046267877
2026-11-05,1.2076497,1.2092197,1.2006643,1.2018996,1.9159958e-10,-0.00036472257,1.2043114,0.0038004776,1.0,1.0011739,0.0046261055
2026-11-06,1.2072167,1.2087549,1.2001929,1.201449,1.9193933e-10,-0.00037087174,1.203856,0.0037994594,1.0,1.0011731,0.0046245437
2026-11-09,1.207206,1.2087306,1.2001802,1.2014443,1.9239783e-10,-0.00037199087,1.2038456,0.0037983186,1.0,1.0011622,0.0046197455
2026-11-10,1.2077024,1.2092453,1.2007202,1.2019724,1.9273706e-10,-0.00036730035,1.204369,0.0037975544,1.0,1.001145,0.004613894
2026-11-11,1.2073752,1.2088937,1.2003633,1.2016337,1.9304745e-10,-0.00037272746,1.2040249,0.0037968974,1.0,1.0011438,0.0046128654
2026-11-12,1.207402,1.2089239,1.2003909,1.2016585,1.9283257e-10,-0.0003711711,1.204052,0.0037972105,1.0,1.0011481,0.0046139965
2026-11-13,1.2077656,1.209319,1.2007861,1.2020338,1.9230335e-10,-0.0003651706,1.2044336,0.0037985062,1.0,1.0011549,0.0046173288
2026-11-16,1.207808,1.2093711,1.2008308,1.2020737,1.9195065e-10,-0.00036390946,1.204477,0.0037992732,1.0,1.0011623,0.0046203397
2026-11-17,1.2083842,1.2100033,1.2014594,1.2026656,1.908721e-10,-0.00035357923,1.2050822,0.003801771,1.0,1.0011762,0.0046275947
2026-11-18,1.2084059,1.2100502,1.2014834,1.2026775,1.9006245e-10,-0.0003515837,1.2051027,0.003804181,1.0,1.0011969,0.004636787
2026-11-19,1.2080649,1.2097092,1.2011113,1.2023102,1.8950969e-10,-0.00035438652,1.204741,0.0038059491,1.0,1.0012194,0.004645445
2026-11-20,1.2076592,1.209293,1.2006685,1.2018764,1.8912133e-10,-0.00035794493,1.2043114,0.0038070304,1.0,1.0012381,0.004651884
2026-11-23,1.2070066,1.2086157,1.1999584,1.2011843,1.888074e-10,-0.00036517446,1.2036221,0.0038077813,1.0,1.0012587,0.004658507
2026-11-24,1.2063248,1.2079003,1.1992179,1.200463,1.8858108e-10,-0.00037254117,1.202903,0.0038077733,1.0,1.0012747,0.0046625375
2026-11-25,1.2052658,1.2067801,1.1980723,1.1993529,1.8868476e-10,-0.00038719733,1.2017897,0.003806739,1.0,1.0012864,0.004664321
2026-11-26,1.2048932,1.2063912,1.197669,1.1989546,1.8825583e-10,-0.00038972715,1.2013967,0.003806868,1.0,1.0012991,0.004667197
2026-11-27,1.2052363,1.2067562,1.1980379,1.199313,1.8819336e-10,-0.00038495418,1.2017561,0.0038074502,1.0,1.0012987,0.004667596
2026-11-30,1.2060232,1.2076033,1.1988876,1.2001297,1.8754519e-10,-0.00037248415,1.2025808,0.0038094297,1.0,1.0013037,0.004671791
2026-12-01,1.2065457,1.2081764,1.199453,1.2006674,1.86758e-10,-0.00036368237,1.2031273,0.0038116938,1.0,1.0013143,0.0046779797
2026-12-02,1.2069857,1.2086649,1.1999297,1.2011169,1.8585737e-10,-0.00035545413,1.203587,0.0038142847,1.0,1.001329,0.004685624
2026-12-03,1.2072182,1.2089442,1.2001817,1.2013427,1.8458117e-10,-0.00034836927,1.2038276,0.0038176354,1.0,1.001355,0.0046975557
2026-12-04,1.2079982,1.2098,1.2010304,1.2021481,1.8339753e-10,-0.0003349373,1.204647,0.003821476,1.0,1.0013708,0.0047075204
2026-12-07,1.2090505,1.2109402,1.2021809,1.2032471,1.8232756e-10,-0.00031924515,1.2057576,0.003825335,1.0,1.0013756,0.0047152755
2026-12-08,1.2092708,1.2112007,1.2024226,1.2034702,1.8156492e-10,-0.00031528433,1.2059884,0.003828317,1.0,1.0013915,0.004724459
2026-12-09,1.2094713,1.2114455,1.2026421,1.2036667,1.8047798e-10,-0.0003091079,1.2061977,0.0038319859,1.0,1.0014151,0.004736281
2026-12-10,1.2095329,1.2115574,1.202709,1.203709,1.7896146e-10,-0.00030224357,1.2062593,0.003837184,1.0,1.0014529,0.0047542905
2026-12-11,1.2086337,1.2106365,1.2017229,1.2027397,1.7806585e-10,-0.00030858227,1.2053045,0.0038387808,1.0,1.0014919,0.00476711
2026-12-14,1.2087975,1.2108097,1.2019011,1.2029136,1.7812311e-10,-0.00030712938,1.2054777,0.0038388115,1.0,1.0014883,0.004766437
2026-12-15,1.209818,1.2118951,1.2030219,1.2039963,1.7789502e-10,-0.00029561482,1.2065599,0.00384056,1.0,1.001471,0.004765558
2026-12-16,1.2107805,1.2129502,1.2040834,1.2050079,1.7693755e-10,-0.00028351747,1.2075807,0.0038458232,1.0,1.0014768,0.0047760867
2026-12-17,1.2123697,1.2146647,1.2058439,1.2066927,1.7599411e-10,-0.00026736627,1.209271,0.003851538,1.0,1.0014633,0.004782794
2026-12-18,1.2128384,1.2151712,1.206365,1.2071918,1.7570172e-10,-0.00026349738,1.2097704,0.003853375,1.0,1.0014584,0.0047849785
2026-12-21,1.2130176,1.2153672,1.2065641,1.2073817,1.7551974e-10,-0.00026170985,1.2099612,0.0038544005,1.0,1.0014586,0.004786831
2026-12-22,1.2131683,1.2155336,1.2067314,1.2075405,1.7531149e-10,-0.0002598468,1.2101215,0.0038554892,1.0,1.0014606,0.0047891
2026-12-23,1.2133006,1.2156806,1.2068783,1.2076797,1.7511219e-10,-0.00025816832,1.2102623,0.0038565418,1.0,1.0014627,0.0047913934
2026-12-24,1.2134316,1.2158262,1.207024,1.2078177,1.7491095e-10,-0.0002564891,1.2104018,0.0038576075,1.0,1.001465,0.004793725
2026-12-25,1.2135559,1.2159638,1.207162,1.2079486,1.7472997e-10,-0.00025496638,1.210534,0.0038585763,1.0,1.0014668,0.0047957925
2026-12-28,1.2136583,1.2160778,1.2072759,1.2080564,1.7457231e-10,-0.00025370883,1.2106429,0.0038594324,1.0,1.0014687,0.0047976775
2026-12-29,1.2137573,1.2161878,1.2073858,1.2081605,1.7441884e-10,-0.0002524844,1.2107483,0.003860261,1.0,1.0014703,0.0047994964
2026-12-30,1.2138424,1.2162826,1.2074804,1.2082502,1.7428409e-10,-0.00025144522,1.2108388,0.0038609973,1.0,1.001472,0.0048011346
